Rank,Country,Capital,Continent,Year,Population,Area,Growth_rate,GDP
36,Afghanistan,Kabul,Asia,2020,38972230,652230,0.3825003,20116137326
138,Albania,Tirana,Europe,2020,2866849,28748,-0.015977901,14887629268
34,Algeria,Algiers,Africa,2020,43451666,2381741,0.211826448,1.45009E+11
213,American Samoa,Pago Pago,Oceania,2020,46189,199,-0.15788802,709000000
203,Andorra,Andorra la Vella,Europe,2020,77700,468,0.086424586,0
42,Angola,Luanda,Africa,2020,33428485,1246700,0.430757589,58375976293
224,Anguilla,The Valley,North America,2020,15585,91,0.183191619,#N/A
201,Antigua and Barbuda,Saint John’s,North America,2020,92664,442,0.081323298,1370281481
33,Argentina,Buenos Aires,South America,2020,45036032,2780400,0.095763923,3.89288E+11
140,Armenia,Yerevan,Asia,2020,2805608,29743,-0.047749833,12641209802
198,Aruba,Oranjestad,North America,2020,106585,180,0.062227803,0
55,Australia,Canberra,Oceania,2020,25670051,7692024,0.165804766,1.32784E+12
99,Austria,Vienna,Europe,2020,8907777,83871,0.065163116,4.33258E+11
91,Azerbaijan,Baku,Asia,2020,10284951,86600,0.113427096,42607176471
176,Bahamas,Nassau,North America,2020,406471,13943,0.088940505,9907500000
154,Bahrain,Manama,Asia,2020,1477469,765,0.217381524,34729228723
8,Bangladesh,Dhaka,Asia,2020,167420951,147570,0.128240892,3.23057E+11
186,Barbados,Bridgetown,North America,2020,280693,430,0.021775611,4418000000
96,Belarus,Minsk,Europe,2020,9633740,207600,-0.010038302,60258239056
81,Belgium,Brussels,Europe,2020,11561717,30528,0.062858368,5.21861E+11
177,Belize,Belmopan,North America,2020,394921,22966,0.226059123,1636280797
77,Benin,Porto-Novo,Africa,2020,12643123,112622,0.338504252,15651545332
206,Bermuda,Hamilton,North America,2020,64031,54,0.009204533,6842700000
165,Bhutan,Thimphu,Asia,2020,772506,38394,0.09495178,2315437338
80,Bolivia,Sucre,South America,2020,11936162,1098581,0.167548348,36572764863
137,Bosnia and Herzegovina,Sarajevo,Europe,2020,3318407,51209,-0.129275682,19946496563
144,Botswana,Gaborone,Africa,2020,2546402,582000,0.217404899,15061922802
7,Brazil,Brasilia,South America,2020,213196304,8515767,0.085778011,1.44473E+12
221,British Virgin Islands,Road Town,North America,2020,30910,151,0.121715779,0
175,Brunei,Bandar Seri Begawan,Asia,2020,441725,5765,0.115317899,12005825770
108,Bulgaria,Sofia,Europe,2020,6979175,110879,-0.080752892,69889347433
58,Burkina Faso,Ouagadougou,Africa,2020,21522626,272967,0.335411863,17933606353
78,Burundi,Bujumbura,Africa,2020,12220227,27834,0.338967447,2841786382
73,Cambodia,Phnom Penh,Asia,2020,16396860,181035,0.141561839,25808561551
53,Cameroon,Yaounde,Africa,2020,26491087,475442,0.332681307,40804449726
39,Canada,Ottawa,North America,2020,37888705,9984670,0.115574166,1.64542E+12
171,Cape Verde,Praia,Africa,2020,582640,4033,0.117856074,1703698677
205,Cayman Islands,George Town,North America,2020,67311,264,0.244794171,5591623665
117,Central African Rep.,Bangui,Africa,2020,5343020,622984,0.146554331,2380087758
69,Chad,N'Djamena,Africa,2020,16644701,1284000,0.399334428,10829076802
65,Chile,Santiago,South America,2020,19300315,756102,0.135034764,2.5294E+11
1,China,Beijing,Asia,2020,1424929781,9706961,0.056919526,1.47227E+13
28,Colombia,Bogota,South America,2020,50930662,1141748,0.136436524,2.71438E+11
163,Comoros,Moroni,Africa,2020,806166,1862,0.228866627,1235400352
223,Cook Islands,Avarua,Oceania,2020,17029,236,-0.010632117,#N/A
124,Costa Rica,San José,North America,2020,5123105,51100,0.108356922,61846895121
130,Croatia,Zagreb,Europe,2020,4096868,56594,-0.062218765,57203783203
85,Cuba,Havana,North America,2020,11300698,109884,0.000910595,1.07352E+11
189,Curacao,Willemstad,North America,2020,189288,444,0.187652152,2595821709
158,Cyprus,Nicosia,Europe,2020,1237537,9251,0.095469892,24612646488
88,Czechia,Prague,Europe,2020,10530953,78865,0.006326382,2.45339E+11
115,Denmark,Copenhagen,Europe,2020,5825641,43094,0.049504499,3.56085E+11
160,Djibouti,Djibouti,Africa,2020,1090156,23200,0.185984754,3384385217
204,Dominica,Roseau,North America,2020,71995,751,0.047123846,504214814.8
84,Dominican Republic,Santo Domingo,North America,2020,10999664,48671,0.125198412,78844702329
15,Dem. Rep. Congo,Kinshasa,Africa,2020,92853164,2344858,0.398575177,48716960860
67,Ecuador,Quito,South America,2020,17588595,276841,0.173387722,98808010000
14,Egypt,Cairo,Africa,2020,107465134,1002450,0.231658017,3.65253E+11
112,El Salvador,San Salvador,North America,2020,6292731,21041,0.029227348,24638720000
152,Eq. Guinea,Malabo,Africa,2020,1596049,28051,0.458212885,10021856754
132,Eritrea,Asmara,Africa,2020,3555868,117600,0.129662134,0
156,Estonia,Tallinn,Europe,2020,1329444,45227,-0.001570368,30650285472
159,eSwatini,Mbabane,Africa,2020,1180655,17364,0.073400793,3972728948
12,Ethiopia,Addis Ababa,Africa,2020,117190911,1104300,0.313243074,1.07645E+11
231,Falkland Islands,Stanley,South America,2020,3747,12173,0.175713837,#N/A
209,Faroe Islands,Tórshavn,Europe,2020,52415,1393,0.082730841,0
162,Fiji,Suva,Oceania,2020,920422,18272,0.016850997,4533883782
118,Finland,Helsinki,Europe,2020,5529468,338424,0.030987992,2.69595E+11
23,France,Paris,Europe,2020,64480053,551695,0.032596687,2.63032E+12
184,French Guiana,Cayenne,South America,2020,290969,83534,0.273649285,#N/A
183,French Polynesia,Papeete,Oceania,2020,301920,4167,0.063892765,0
146,Gabon,Libreville,Africa,2020,2292573,267668,0.339820175,15316826192
142,Gambia,Banjul,Africa,2020,2573995,10689,0.328667845,1868086275
131,Georgia,Tbilisi,Asia,2020,3765912,69700,-0.018483743,15846489611
19,Germany,Berlin,Europe,2020,83328988,357114,0.024640588,3.84641E+12
47,Ghana,Accra,Africa,2020,32180401,238533,0.258289524,68532281806
219,Gibraltar,Gibraltar,Europe,2020,32709,6,0.046286226,0
90,Greece,Athens,Europe,2020,10512232,131990,-0.047268557,1.88835E+11
208,Greenland,Nuuk,North America,2020,56026,2166086,-0.005767422,0
193,Grenada,Saint George's,North America,2020,123663,344,0.084392182,1042100556
178,Guadeloupe,Basse-Terre,North America,2020,395642,1628,-0.018433431,#N/A
191,Guam,Hagåtña,Oceania,2020,169231,549,0.026233286,5844000000
68,Guatemala,Guatemala City,North America,2020,17362718,108889,0.193878398,77604632171
207,Guernsey,Saint Peter Port,Europe,2020,62794,78,0.033101905,#N/A
75,Guinea,Conakry,Africa,2020,13205153,245857,0.285707595,15681050917
149,Guinea-Bissau,Bissau,Africa,2020,2015828,36125,0.286244433,1431758243
164,Guyana,Georgetown,South America,2020,797202,214969,0.065874973,5471256595
82,Haiti,Port-au-Prince,North America,2020,11306801,27750,0.148728929,14508218017
89,Honduras,Tegucigalpa,North America,2020,10121763,112492,0.197709531,23662231634
104,Hong Kong,Hong Kong,Asia,2020,7500958,1104,0.051668167,3.46586E+11
94,Hungary,Budapest,Europe,2020,9750573,93028,-0.023656367,1.55808E+11
179,Iceland,Reykjavík,Europe,2020,366669,103000,0.151840997,21718075725
2,India,New Delhi,Asia,2020,1396387127,3287590,0.125561661,2.66025E+12
4,Indonesia,Jakarta,Asia,2020,271857970,1904569,0.114098163,1.05842E+12
17,Iran,Tehran,Asia,2020,87290193,1648195,0.158096438,2.03471E+11
35,Iraq,Baghdad,Asia,2020,42556984,438317,0.361175568,1.66757E+11
125,Ireland,Dublin,Europe,2020,4946119,70273,0.09316523,4.25889E+11
202,Isle of Man,Douglas,Europe,2020,84046,572,0.002600563,0
98,Israel,Jerusalem,Asia,2020,8757489,20770,0.194999621,4.07101E+11
25,Italy,Rome,Europe,2020,59500579,301336,-0.005380438,1.88871E+12
52,Côte d'Ivoire,Yamoussoukro,Africa,2020,26811790,322463,0.269495108,61348579465
139,Jamaica,Kingston,North America,2020,2820436,10991,0.031654459,13812425037
11,Japan,Tokyo,Asia,2020,125244761,377930,-0.022330591,5.05776E+12
195,Jersey,Saint Helier,Europe,2020,108319,116,0.126550946,#N/A
83,Jordan,Amman,Asia,2020,10928721,89342,0.576729794,43697659296
66,Kazakhstan,Nursultan,Asia,2020,18979243,2724900,0.141413823,1.71082E+11
27,Kenya,Nairobi,Africa,2020,51985780,580367,0.252129473,1.01014E+11
192,Kiribati,Tarawa,Oceania,2020,126463,811,0.171007917,197508774.3
129,Kuwait,Kuwait City,Asia,2020,4360444,17818,0.481453144,1.0596E+11
110,Kyrgyzstan,Bishkek,Asia,2020,6424874,199951,0.171615388,7735976273
103,Laos,Vientiane,Asia,2020,7319399,236800,0.157506747,19132635712
151,Latvia,Riga,Europe,2020,1897052,64559,-0.097299586,33707320816
119,Lebanon,Beirut,Asia,2020,5662923,10452,0.133536771,31735217785
147,Lesotho,Maseru,Africa,2020,2254100,30355,0.114375649,1875227642
121,Liberia,Monrovia,Africa,2020,5087584,111369,0.265582011,3201187800
107,Libya,Tripoli,Africa,2020,6653942,1759540,0.02494675,25418916029
216,Liechtenstein,Vaduz,Europe,2020,38756,160,0.078773033,0
141,Lithuania,Vilnius,Europe,2020,2820267,65300,-0.101545101,56546957475
168,Luxembourg,Luxembourg,Europe,2020,630399,2586,0.243218885,73353132794
167,Macau,Concelho de Macau,Asia,2020,676283,30,0.213505546,25586111076
50,Madagascar,Antananarivo,Africa,2020,28225177,587041,0.298840742,13056079982
62,Malawi,Lilongwe,Africa,2020,19377061,118484,0.316517559,12182348213
45,Malaysia,Kuala Lumpur,Asia,2020,33199993,330803,0.156079949,3.37006E+11
174,Maldives,Malé,Asia,2020,514438,300,0.422769826,3742769967
59,Mali,Bamako,Africa,2020,21224040,1240192,0.366719855,17465392916
173,Malta,Valletta,Europe,2020,515357,316,0.230688589,14647384608
215,Marshall Islands,Majuro,Oceania,2020,43413,181,-0.187265988,244462400
180,Martinique,Fort-de-France,North America,2020,370391,1128,-0.05556108,#N/A
126,Mauritania,Nouakchott,Africa,2020,4498604,1030700,0.315588626,7913680231
157,Mauritius,Port Louis,Africa,2020,1297828,2040,0.011297172,10920606198
182,Mayotte,Mamoudzou,Africa,2020,305587,374,0.44290463,#N/A
10,Mexico,Mexico City,North America,2020,125998302,1964375,0.119662434,1.07392E+12
194,Micronesia,Palikir,Oceania,2020,112106,702,0.041993531,410083600
135,Moldova,Chisinau,Europe,2020,3084847,33846,-0.161312941,11915547263
217,Monaco,Monaco,Europe,2020,36922,2,0.112845862,6816219303
134,Mongolia,Ulaanbaatar,Asia,2020,3294335,1564110,0.218986353,13312981595
169,Montenegro,Podgorica,Europe,2020,629048,13812,-0.003163012,4769860741
230,Montserrat,Brades,North America,2020,4500,102,-0.088699878,#N/A
40,Morocco,Rabat,Africa,2020,36688772,446550,0.130107025,1.14725E+11
48,Mozambique,Maputo,Africa,2020,31178239,801590,0.3512444,14019446610
26,Myanmar,Nay Pyi Taw,Asia,2020,53423198,676578,0.081638577,79852046611
145,Namibia,Windhoek,Africa,2020,2489098,825615,0.185696368,10619194505
225,Nauru,Yaren,Oceania,2020,12315,21,0.202519285,114626625.6
49,Nepal,Kathmandu,Asia,2020,29348627,147181,0.080520391,33657175561
71,Netherlands,Amsterdam,Europe,2020,17434557,41850,0.049192712,9.13865E+11
185,New Caledonia,Nouméa,Oceania,2020,286403,18575,0.095541377,0
123,New Zealand,Wellington,Oceania,2020,5061133,270467,0.164459138,2.10701E+11
106,Nicaragua,Managua,North America,2020,6755895,130373,0.153723,12621505383
54,Niger,Niamey,Africa,2020,24333639,1267000,0.461695519,13741378450
6,Nigeria,Abuja,Africa,2020,208327405,923768,0.294338069,4.32294E+11
232,Niue,Alofi,Oceania,2020,1942,260,0.071743929,#N/A
56,North Korea,Pyongyang,Asia,2020,25867467,120538,0.047841335,0
150,North Macedonia,Skopje,Europe,2020,2111072,25713,0.008235633,12263710123
210,Northern Mariana Islands,Saipan,Oceania,2020,49587,464,-0.08319929,#N/A
120,Norway,Oslo,Europe,2020,5379839,323802,0.100229849,3.62198E+11
127,Oman,Muscat,Asia,2020,4543399,309500,0.576521367,73971391417
5,Pakistan,Islamabad,Asia,2020,227196741,881912,0.168379972,2.6261E+11
222,Palau,Ngerulmud,Oceania,2020,17972,459,-0.030636462,257700000
122,Palestine,Ramallah,Asia,2020,5019401,6220,0.257277424,15561300000
128,Panama,Panama City,North America,2020,4294396,75417,0.185113107,53977036995
93,Papua New Guinea,Port Moresby,Oceania,2020,9749640,462840,0.28567772,24668899683
109,Paraguay,Asunción,South America,2020,6618695,406752,0.147363326,35670301496
44,Peru,Lima,South America,2020,33304756,1285216,0.1394199,2.02014E+11
13,Philippines,Manila,Asia,2020,112190977,342353,0.185491221,3.61489E+11
37,Poland,Warsaw,Europe,2020,38428366,312679,-0.004378202,5.96624E+11
92,Portugal,Lisbon,Europe,2020,10298192,92090,-0.027408199,2.28539E+11
136,Puerto Rico,San Juan,North America,2020,3271564,8870,-0.120055773,1.03138E+11
143,Qatar,Doha,Asia,2020,2760385,11586,0.610959181,1.44411E+11
114,Congo,Brazzaville,Africa,2020,5702174,342000,0.28488577,10187122341
161,Reunion,Saint-Denis,Africa,2020,957822,2511,0.076047319,#N/A
64,Romania,Bucharest,Europe,2020,19442038,238391,-0.043922485,2.48716E+11
9,Russia,Moscow,Europe,2020,145617329,17098242,0.016578378,1.4835E+12
76,Rwanda,Kigali,Africa,2020,13146362,26338,0.275227711,10333991456
228,Saint Barthelemy,Gustavia,North America,2020,10681,21,0.188362261,#N/A
211,Saint Kitts and Nevis,Basseterre,North America,2020,47642,261,0.005041875,980740740.7
190,Saint Lucia,Castries,North America,2020,179237,616,0.048568169,1616772741
220,Saint Martin,Marigot,North America,2020,32552,53,-0.10713698,0
229,Saint Pierre and Miquelon,Saint-Pierre,North America,2020,5906,242,-0.024124256,#N/A
199,Saint Vincent and the Grenadines,Kingstown,North America,2020,104632,389,-0.042778205,807474074.1
188,Samoa,Apia,Oceania,2020,214929,2842,0.104057081,807100820.6
218,San Marino,San Marino,Europe,2020,34007,61,0.075898507,0
187,Sao Tome and Principe,São Tomé,Africa,2020,218641,964,0.200413972,472914469.9
41,Saudi Arabia,Riyadh,Asia,2020,35997107,2149690,0.223894801,7.00118E+11
72,Senegal,Dakar,Africa,2020,16436119,196722,0.311728674,24644234595
105,Serbia,Belgrade,Europe,2020,7358005,88361,-0.038640284,53335016425
196,Seychelles,Victoria,Africa,2020,105530,452,0.141988334,1059886364
102,Sierra Leone,Freetown,Africa,2020,8233969,71740,0.279222514,4063289450
113,Singapore,Singapore,Asia,2020,5909869,710,0.14452716,3.39998E+11
214,Sint Maarten,Philipsburg,North America,2020,43621,34,0.320487982,0
116,Slovakia,Bratislava,Europe,2020,5456681,49037,0.011166098,1.05173E+11
148,Slovenia,Ljubljana,Europe,2020,2117641,20273,0.029337195,53589609581
166,Solomon Islands,Honiara,Oceania,2020,691191,28896,0.2790501,1545888426
70,Somaliland,Mogadishu,Africa,2020,16537016,637657,0.375031066,6965285325
24,South Africa,Pretoria,Africa,2020,58801927,1221037,0.135502881,3.35442E+11
29,South Korea,Seoul,Asia,2020,51844690,100210,0.062107336,1.6379E+12
86,S. Sudan,Juba,Africa,2020,10606227,619745,0.091802505,0
30,Spain,Madrid,Europe,2020,47363807,505992,0.016984924,1.28148E+12
61,Sri Lanka,Colombo,Asia,2020,21715079,65610,0.05063353,80676681934
32,Sudan,Khartoum,Africa,2020,44440486,1886068,0.317148022,21329109522
170,Suriname,Paramaribo,South America,2020,607065,163820,0.111677776,2884248048
87,Sweden,Stockholm,Europe,2020,10368969,450295,0.10523007,5.4122E+11
101,Switzerland,Bern,Europe,2020,8638613,41284,0.104338099,7.52248E+11
60,Syria,Damascus,Asia,2020,20772595,185180,-0.070059926,0
57,Taiwan,Taipei,Asia,2020,23821464,36193,0.031987971,#N/A
95,Tajikistan,Dushanbe,Asia,2020,9543207,143100,0.25209705,8194150302
22,Tanzania,Dodoma,Africa,2020,61704518,945087,0.367851854,62409709111
20,Thailand,Bangkok,Asia,2020,71475664,513120,0.046948177,5.01644E+11
155,Timor-Leste,Dili,Asia,2020,1299995,14874,0.194314856,1902156800
100,Togo,Lomé,Africa,2020,8442580,56785,0.284657072,7574636979
233,Tokelau,Nukunonu,Oceania,2020,1827,12,0.336503292,#N/A
197,Tonga,Nuku‘alofa,Oceania,2020,105254,747,-0.019826229,488829964.1
153,Trinidad and Tobago,Port-of-Spain,North America,2020,1518147,5130,0.076474017,21588037505
79,Tunisia,Tunis,Africa,2020,12161723,163610,0.116259998,41620349986
18,Turkey,Ankara,Asia,2020,84135428,783562,0.149464191,7.19955E+11
111,Turkmenistan,Ashgabat,Asia,2020,6250438,488100,0.186498405,0
212,Turks and Caicos Islands,Cockburn Town,North America,2020,44276,948,0.489470497,924583000
227,Tuvalu,Funafuti,Oceania,2020,11069,26,0.049194313,48855550.2
31,Uganda,Kampala,Africa,2020,44404611,241550,0.372982019,37600368181
38,Ukraine,Kiev,Europe,2020,43909666,603500,-0.038818668,1.55499E+11
97,United Arab Emirates,Abu Dhabi,Asia,2020,9287289,83600,0.094970496,3.58869E+11
21,United Kingdom,London,Europe,2020,67059474,242900,0.068505933,2.7598E+12
3,United States of America,"Washington, D.C.",North America,2020,335942003,9372610,0.079564662,2.0953E+13
200,United States Virgin Islands,Charlotte Amalie,North America,2020,100442,347,-0.053701645,0
133,Uruguay,Montevideo,South America,2020,3429086,181034,0.022798377,53628827440
43,Uzbekistan,Tashkent,Asia,2020,33526656,447400,0.171677851,59929951114
181,Vanuatu,Port-Vila,Oceania,2020,311685,12189,0.269835773,881547928.6
234,Vatican City,Vatican City,Europe,2020,520,1,-0.127516779,#N/A
51,Venezuela,Caracas,South America,2020,28490453,916445,-0.00782061,0
16,Vietnam,Hanoi,Asia,2020,96648685,331212,0.105680884,2.71158E+11
226,Wallis and Futuna,Mata-Utu,Oceania,2020,11655,142,-0.113148684,#N/A
172,W. Sahara,El Aaiún,Africa,2020,556048,266000,0.345398939,#N/A
46,Yemen,Sanaa,Asia,2020,32284046,527968,0.304725043,0
63,Zambia,Lusaka,Africa,2020,18927715,752612,0.37236057,18110631358
74,Zimbabwe,Harare,Africa,2020,15669666,390757,0.220400738,18051170799
36,Afghanistan,Kabul,Asia,2010,28189672,652230,0.442444761,15856678596
138,Albania,Tirana,Europe,2010,2913399,28748,-0.084418676,11926922829
34,Algeria,Algiers,Africa,2010,35856344,2381741,0.16512707,1.61207E+11
213,American Samoa,Pago Pago,Oceania,2010,54849,199,-0.058062854,573000000
203,Andorra,Andorra la Vella,Europe,2010,71519,468,0.082030955,3449966857
42,Angola,Luanda,Africa,2010,23364185,1246700,0.42516144,83799496611
224,Anguilla,The Valley,North America,2010,13172,91,0.192359917,#N/A
201,Antigua and Barbuda,Saint John’s,North America,2010,85695,442,0.141762707,1148700000
33,Argentina,Buenos Aires,South America,2010,41100123,2780400,0.108693414,4.23627E+11
140,Armenia,Yerevan,Asia,2010,2946293,29743,-0.07013678,9260284938
198,Aruba,Oranjestad,North America,2010,100341,180,0.126148977,2390502793
55,Australia,Canberra,Oceania,2010,22019168,7692024,0.157808962,1.14759E+12
99,Austria,Vienna,Europe,2010,8362829,83871,0.04399278,3.91893E+11
91,Azerbaijan,Baku,Asia,2010,9237202,86600,0.127817085,52909294792
176,Bahamas,Nassau,North America,2010,373272,13943,0.148479758,10095760000
154,Bahrain,Manama,Asia,2010,1213645,765,0.705894507,25713271277
8,Bangladesh,Dhaka,Asia,2010,148391139,147570,0.148597551,1.15279E+11
186,Barbados,Bridgetown,North America,2010,274711,430,0.037988793,4530000000
96,Belarus,Minsk,Europe,2010,9731427,207600,-0.051192597,57222490769
81,Belgium,Brussels,Europe,2010,10877947,30528,0.059780153,4.80952E+11
177,Belize,Belmopan,North America,2010,322106,22966,0.339841768,1377177100
77,Benin,Porto-Novo,Africa,2010,9445710,112622,0.349768356,9535344283
206,Bermuda,Hamilton,North America,2010,63447,54,0.033827052,6634526000
165,Bhutan,Thimphu,Asia,2010,705516,38394,0.201477503,1547991318
80,Bolivia,Sucre,South America,2010,10223270,1098581,0.189768332,19649631314
137,Bosnia and Herzegovina,Sarajevo,Europe,2010,3811088,51209,-0.088114659,17176781046
144,Botswana,Gaborone,Africa,2010,2091664,582000,0.211165123,12786654498
7,Brazil,Brasilia,South America,2010,196353492,8515767,0.116445891,2.20884E+12
221,British Virgin Islands,Road Town,North America,2010,27556,151,0.370672503,0
175,Brunei,Bandar Seri Begawan,Asia,2010,396053,5765,0.186050203,13707370737
108,Bulgaria,Sofia,Europe,2010,7592273,110879,-0.062415076,50682061053
58,Burkina Faso,Ouagadougou,Africa,2010,16116845,272967,0.356307069,10109618964
78,Burundi,Bujumbura,Africa,2010,9126605,27834,0.446908433,2032135247
73,Cambodia,Phnom Penh,Asia,2010,14363532,181035,0.18522324,11242275199
53,Cameroon,Yaounde,Africa,2010,19878036,475442,0.317159473,27507499709
39,Canada,Ottawa,North America,2010,33963412,9984670,0.106901722,1.61734E+12
171,Cape Verde,Praia,Africa,2010,521212,4033,0.137394136,1664310770
205,Cayman Islands,George Town,North America,2010,54074,264,0.363507993,4156990760
117,Central African Rep.,Bangui,Africa,2010,4660067,622984,0.239653168,2142591376
69,Chad,N'Djamena,Africa,2010,11894727,1284000,0.440190059,10668102735
65,Chile,Santiago,South America,2010,17004162,756102,0.107633184,2.18538E+11
1,China,Beijing,Asia,2010,1348191368,9706961,0.066523504,6.08716E+12
28,Colombia,Bogota,South America,2010,44816108,1141748,0.142826819,2.86563E+11
163,Comoros,Moroni,Africa,2010,656024,1862,0.222196968,907978723.5
223,Cook Islands,Avarua,Oceania,2010,17212,236,0.08272001,#N/A
124,Costa Rica,San José,North America,2010,4622252,51100,0.161605381,37658614803
130,Croatia,Zagreb,Europe,2010,4368682,56594,-0.039519536,60426018629
85,Cuba,Havana,North America,2010,11290417,109884,0.0166243,64328000000
189,Curacao,Willemstad,North America,2010,159380,444,0.12696572,0
158,Cyprus,Nicosia,Europe,2010,1129686,9251,0.19135406,25732432719
88,Czechia,Prague,Europe,2010,10464749,78865,0.022476357,2.0907E+11
115,Denmark,Copenhagen,Europe,2010,5550849,43094,0.039357345,3.21995E+11
160,Djibouti,Djibouti,Africa,2010,919199,23200,0.238757575,1128611700
204,Dominica,Roseau,North America,2010,68755,751,0.005984257,493825925.9
84,Dominican Republic,Santo Domingo,North America,2010,9775755,48671,0.144595975,53860175556
15,Dem. Rep. Congo,Kinshasa,Africa,2010,66391257,2344858,0.365616754,21565720044
67,Ecuador,Quito,South America,2010,14989585,276841,0.187152155,69555367000
14,Egypt,Cairo,Africa,2010,87252413,1002450,0.222512778,2.18984E+11
112,El Salvador,San Salvador,North America,2010,6114034,21041,0.026105978,18447920000
152,Eq. Guinea,Malabo,Africa,2010,1094524,28051,0.597898908,16314443429
132,Eritrea,Asmara,Africa,2010,3147727,117600,0.315455434,1589515447
156,Estonia,Tallinn,Europe,2010,1331535,45227,-0.046777204,19523477326
159,eSwatini,Mbabane,Africa,2010,1099920,17364,0.0673695,4438778424
12,Ethiopia,Addis Ababa,Africa,2010,89237791,1104300,0.331274139,29933790334
231,Falkland Islands,Stanley,South America,2010,3187,12173,0.03474026,#N/A
209,Faroe Islands,Tórshavn,Europe,2010,48410,1393,0.06022777,2320424601
162,Fiji,Suva,Oceania,2010,905169,18272,0.087278336,3140508836
118,Finland,Helsinki,Europe,2010,5363271,338424,0.036138804,2.49181E+11
23,France,Paris,Europe,2010,62444567,551695,0.064418049,2.64261E+12
184,French Guiana,Cayenne,South America,2010,228453,83534,0.390031092,#N/A
183,French Polynesia,Papeete,Oceania,2010,283788,4167,0.130958406,0
146,Gabon,Libreville,Africa,2010,1711105,267668,0.344220247,14372591916
142,Gambia,Banjul,Africa,2010,1937275,10689,0.347633003,1543292393
131,Georgia,Tbilisi,Asia,2010,3836831,69700,-0.100427603,12243505583
19,Germany,Berlin,Europe,2010,81325090,357114,-0.002778447,3.39635E+12
47,Ghana,Accra,Africa,2010,25574719,238533,0.300486456,32197272797
219,Gibraltar,Gibraltar,Europe,2010,31262,6,0.126924047,0
90,Greece,Athens,Europe,2010,11033783,131990,-0.000391915,2.96835E+11
208,Greenland,Nuuk,North America,2010,56351,2166086,0.002972376,2503156061
193,Grenada,Saint George's,North America,2010,114039,344,0.061499367,771013259.3
178,Guadeloupe,Basse-Terre,North America,2010,403072,1628,-0.049508686,#N/A
191,Guam,Hagåtña,Oceania,2010,164905,549,0.02944665,4949000000
68,Guatemala,Guatemala City,North America,2010,14543121,108889,0.239200098,40676432029
207,Guernsey,Saint Peter Port,Europe,2010,60782,78,0.028216666,#N/A
75,Guinea,Conakry,Africa,2010,10270728,245857,0.23195018,6853467858
149,Guinea-Bissau,Bissau,Africa,2010,1567220,36125,0.273283725,849878424.2
164,Guyana,Georgetown,South America,2010,747932,214969,-0.014648555,3432913073
82,Haiti,Port-au-Prince,North America,2010,9842880,27750,0.177346303,11859315079
89,Honduras,Tegucigalpa,North America,2010,8450933,112492,0.269533141,15729649159
104,Hong Kong,Hong Kong,Asia,2010,7132438,1104,0.059609475,2.28638E+11
94,Hungary,Budapest,Europe,2010,9986825,93028,-0.02109673,1.32231E+11
179,Iceland,Reykjavík,Europe,2010,318333,103000,0.130998145,13751161918
2,India,New Delhi,Asia,2010,1240613620,3287590,0.170794822,1.67562E+12
4,Indonesia,Jakarta,Asia,2010,244016173,1904569,0.139876738,7.55094E+11
17,Iran,Tehran,Asia,2010,75373855,1648195,0.149966657,4.86808E+11
35,Iraq,Baghdad,Asia,2010,31264875,438317,0.269440711,1.38517E+11
125,Ireland,Dublin,Europe,2010,4524585,70273,0.200489526,2.2166E+11
202,Isle of Man,Douglas,Europe,2010,83828,572,0.109393611,5920177689
98,Israel,Jerusalem,Asia,2010,7328445,20770,0.198053837,2.34655E+11
25,Italy,Rome,Europe,2010,59822450,301336,0.050135749,2.13402E+12
52,Côte d'Ivoire,Yamoussoukro,Africa,2010,21120042,322463,0.257170052,34936305297
139,Jamaica,Kingston,North America,2010,2733896,10991,0.046585547,13220556883
11,Japan,Tokyo,Asia,2010,128105431,377930,0.010264435,5.75907E+12
195,Jersey,Saint Helier,Europe,2010,96151,116,0.115544366,#N/A
83,Jordan,Amman,Asia,2010,6931258,89342,0.37085037,27133804225
66,Kazakhstan,Nursultan,Asia,2010,16627837,2724900,0.091333742,1.48047E+11
27,Kenya,Nairobi,Africa,2010,41517895,580367,0.345728809,45405587557
192,Kiribati,Tarawa,Oceania,2010,107995,811,0.215803931,156120439.3
129,Kuwait,Kuwait City,Asia,2010,2943356,17818,0.52119204,1.15419E+11
110,Kyrgyzstan,Bishkek,Asia,2010,5483774,199951,0.111159426,4794357795
103,Laos,Vientiane,Asia,2010,6323418,236800,0.164350794,7131773633
151,Latvia,Riga,Europe,2010,2101530,64559,-0.121628569,23956163077
119,Lebanon,Beirut,Asia,2010,4995800,10452,0.156263352,38443907042
147,Lesotho,Maseru,Africa,2010,2022747,30355,0.012066766,2234731974
121,Liberia,Monrovia,Africa,2010,4019956,111369,0.388478404,1998000000
107,Libya,Tripoli,Africa,2010,6491988,1759540,0.259408822,74773444901
216,Liechtenstein,Vaduz,Europe,2010,35926,160,0.087809605,5082366478
141,Lithuania,Vilnius,Europe,2010,3139019,65300,-0.127962347,37128694028
168,Luxembourg,Luxembourg,Europe,2010,507070,2586,0.163997723,56159192758
167,Macau,Concelho de Macau,Asia,2010,557297,30,0.290349992,28241858489
50,Madagascar,Antananarivo,Africa,2010,21731053,587041,0.340063853,9982711338
62,Malawi,Lilongwe,Africa,2010,14718422,118484,0.31070574,6959655571
45,Malaysia,Kuala Lumpur,Asia,2010,28717731,330803,0.25158175,2.55017E+11
174,Maldives,Malé,Asia,2010,361575,300,0.279879791,2588176055
59,Mali,Bamako,Africa,2010,15529181,1240192,0.381710245,10689167195
173,Malta,Valletta,Europe,2010,418755,316,0.048953939,9035932122
215,Marshall Islands,Majuro,Oceania,2010,53416,181,-0.014901151,160407100
180,Martinique,Fort-de-France,North America,2010,392181,1128,-0.093313266,#N/A
126,Mauritania,Nouakchott,Africa,2010,3419461,1030700,0.268815285,5628882266
157,Mauritius,Port Louis,Africa,2010,1283330,2040,0.055430822,10003670690
182,Mayotte,Mamoudzou,Africa,2010,211786,374,0.330188738,#N/A
10,Mexico,Mexico City,North America,2010,112532401,1964375,0.149774634,1.0578E+12
194,Micronesia,Palikir,Oceania,2010,107588,702,-0.036890492,296944100
135,Moldova,Chisinau,Europe,2010,3678186,33846,-0.134864672,6974960345
217,Monaco,Monaco,Europe,2010,33178,2,0.021962113,5367625613
134,Mongolia,Ulaanbaatar,Asia,2010,2702520,1564110,0.102628786,7189481824
169,Montenegro,Podgorica,Europe,2010,631044,13812,-0.003600053,4143033276
230,Montserrat,Brades,North America,2010,4938,102,-0.038925652,#N/A
40,Morocco,Rabat,Africa,2010,32464865,446550,0.136947299,93216746662
48,Mozambique,Maputo,Africa,2010,23073723,801590,0.298574247,11104648673
26,Myanmar,Nay Pyi Taw,Asia,2010,49390988,676578,0.084602484,37796052939
145,Namibia,Windhoek,Africa,2010,2099271,825615,0.153990262,11431334447
225,Nauru,Yaren,Oceania,2010,10241,21,-0.013105907,47564520.39
49,Nepal,Kathmandu,Asia,2010,27161567,147181,0.10594951,16002656434
71,Netherlands,Amsterdam,Europe,2010,16617116,41850,0.045158494,8.46555E+11
185,New Caledonia,Nouméa,Oceania,2010,261426,18575,0.180055702,9364350065
123,New Zealand,Wellington,Oceania,2010,4346338,270467,0.127376944,1.46518E+11
106,Nicaragua,Managua,North America,2010,5855734,130373,0.142978774,8758592272
54,Niger,Niamey,Africa,2010,16647543,1267000,0.432334409,7851191899
6,Nigeria,Abuja,Africa,2010,160952853,923768,0.310136375,3.61457E+11
232,Niue,Alofi,Oceania,2010,1812,260,-0.12632594,#N/A
56,North Korea,Pyongyang,Asia,2010,24686435,120538,0.056463075,0
150,North Macedonia,Skopje,Europe,2010,2093828,25713,0.027425788,9407168702
210,Northern Mariana Islands,Saipan,Oceania,2010,54087,464,-0.326756952,#N/A
120,Norway,Oslo,Europe,2010,4889741,323802,0.088737714,4.28757E+11
127,Oman,Muscat,Asia,2010,2881914,309500,0.229352804,64993498049
5,Pakistan,Islamabad,Asia,2010,194454498,881912,0.259665698,1.77166E+11
222,Palau,Ngerulmud,Oceania,2010,18540,459,-0.060123695,185943000
122,Palestine,Ramallah,Asia,2010,3992278,6220,0.271444741,9681500000
128,Panama,Panama City,North America,2010,3623617,75417,0.207175793,29440287581
93,Papua New Guinea,Port Moresby,Oceania,2010,7583269,462840,0.376699368,14250755231
109,Paraguay,Asunción,South America,2010,5768613,406752,0.125842462,27237782850
44,Peru,Lima,South America,2010,29229572,1285216,0.096611788,1.47529E+11
13,Philippines,Manila,Asia,2010,94636700,342353,0.213941216,2.08369E+11
37,Poland,Warsaw,Europe,2010,38597353,312679,0.002413281,4.79834E+11
92,Portugal,Lisbon,Europe,2010,10588401,92090,0.027937622,2.37881E+11
136,Puerto Rico,San Juan,North America,2010,3717922,8870,-0.028529636,98381300000
143,Qatar,Doha,Asia,2010,1713504,11586,1.652741676,1.25122E+11
114,Congo,Brazzaville,Africa,2010,4437884,342000,0.416031116,13135580695
161,Reunion,Saint-Denis,Africa,2010,890130,2511,0.133311434,#N/A
64,Romania,Bucharest,Europe,2010,20335211,238391,-0.07229352,1.66309E+11
9,Russia,Moscow,Europe,2010,143242599,17098242,-0.024530927,1.52492E+12
76,Rwanda,Kigali,Africa,2010,10309031,26338,0.271152279,6121234529
228,Saint Barthelemy,Gustavia,North America,2010,8988,21,0.269133013,#N/A
211,Saint Kitts and Nevis,Basseterre,North America,2010,47403,261,0.042717934,760170370.4
190,Saint Lucia,Castries,North America,2010,170935,616,0.07169279,1486758037
220,Saint Martin,Marigot,North America,2010,36458,53,0.231273219,0
229,Saint Pierre and Miquelon,Saint-Pierre,North America,2010,6052,242,-0.035384125,#N/A
199,Saint Vincent and the Grenadines,Kingstown,North America,2010,109308,389,-0.039582473,681225925.9
188,Samoa,Apia,Oceania,2010,194672,2842,0.057954002,663155955
218,San Marino,San Marino,Europe,2010,31608,61,0.178391679,1881214371
187,Sao Tome and Principe,São Tomé,Africa,2010,182138,964,0.267364349,196652514.3
41,Saudi Arabia,Riyadh,Asia,2010,29411929,2149690,0.36498801,5.28207E+11
72,Senegal,Dakar,Africa,2010,12530121,196722,0.291194397,16121314671
105,Serbia,Belgrade,Europe,2010,7653748,88361,-0.035447161,41819468692
196,Seychelles,Victoria,Africa,2010,92409,452,0.154246815,969936525.3
102,Sierra Leone,Freetown,Africa,2010,6436698,71740,0.404145707,2578026297
113,Singapore,Singapore,Asia,2010,5163590,710,0.273827574,2.39809E+11
214,Sint Maarten,Philipsburg,North America,2010,33034,34,0.083472728,0
116,Slovakia,Bratislava,Europe,2010,5396424,49037,0.003670288,90712671901
148,Slovenia,Ljubljana,Europe,2010,2057286,20273,0.03676136,48161250405
166,Solomon Islands,Honiara,Oceania,2010,540394,28896,0.256794534,846797693.6
70,Somaliland,Mogadishu,Africa,2010,12026649,637657,0.378971193,0
24,South Africa,Pretoria,Africa,2010,51784921,1221037,0.10620184,4.17365E+11
29,South Korea,Seoul,Asia,2010,48813042,100210,0.043268048,1.14407E+12
86,S. Sudan,Juba,Africa,2010,9714419,619745,0.588766755,14602072411
30,Spain,Madrid,Europe,2010,46572772,505992,0.143124318,1.42072E+12
61,Sri Lanka,Colombo,Asia,2010,20668557,65610,0.100774852,56725749222
32,Sudan,Khartoum,Africa,2010,33739933,1886068,0.282947041,58962978034
170,Suriname,Paramaribo,South America,2010,546080,163820,0.140046514,4368398048
87,Sweden,Stockholm,Europe,2010,9381729,450295,0.057567752,4.95813E+11
101,Switzerland,Bern,Europe,2010,7822435,41284,0.089163289,6.03434E+11
60,Syria,Damascus,Asia,2010,22337563,185180,0.369759439,2.52518E+11
57,Taiwan,Taipei,Asia,2010,23083083,36193,0.040025356,#N/A
95,Tajikistan,Dushanbe,Asia,2010,7621779,143100,0.215013778,5642178580
22,Tanzania,Dodoma,Africa,2010,45110527,945087,0.308928576,32014249841
20,Thailand,Bangkok,Asia,2010,68270489,513120,0.082514132,3.41105E+11
155,Timor-Leste,Dili,Asia,2010,1088486,14874,0.239225375,881827800
100,Togo,Lomé,Africa,2010,6571855,56785,0.312262195,3429461495
233,Tokelau,Nukunonu,Oceania,2010,1367,12,-0.179471789,#N/A
197,Tonga,Nuku‘alofa,Oceania,2010,107383,747,0.046587332,366840012.4
153,Trinidad and Tobago,Port-of-Spain,North America,2010,1410296,5130,0.058619445,22157948396
79,Tunisia,Tunis,Africa,2010,10895063,163610,0.101254928,46206331261
18,Turkey,Ankara,Asia,2010,73195345,783562,0.141651779,7.76993E+11
111,Turkmenistan,Ashgabat,Asia,2010,5267970,488100,0.15294765,22583157895
212,Turks and Caicos Islands,Cockburn Town,North America,2010,29726,948,0.585894153,686787810
227,Tuvalu,Funafuti,Oceania,2010,10550,26,0.094625441,31823518.62
31,Uganda,Kampala,Africa,2010,32341728,241550,0.346410889,26673441667
38,Ukraine,Kiev,Europe,2010,45683020,603500,-0.06539998,1.4121E+11
97,United Arab Emirates,Abu Dhabi,Asia,2010,8481771,83600,1.589590432,2.89787E+11
21,United Kingdom,London,Europe,2010,62760039,242900,0.066439985,2.49111E+12
3,United States of America,"Washington, D.C.",North America,2010,311182845,9372610,0.101927898,1.49921E+13
200,United States Virgin Islands,Charlotte Amalie,North America,2010,106142,347,-0.018884319,4324000000
133,Uruguay,Montevideo,South America,2010,3352651,181034,0.018354462,40284481652
43,Uzbekistan,Tashkent,Asia,2010,28614227,447400,0.147987603,49765676402
181,Vanuatu,Port-Vila,Oceania,2010,245453,12189,0.277908514,670713208.1
234,Vatican City,Vatican City,Europe,2010,596,1,-0.084485407,#N/A
51,Venezuela,Caracas,South America,2010,28715022,916445,0.175509275,3.93192E+11
16,Vietnam,Hanoi,Asia,2010,87411012,331212,0.106452512,1.15932E+11
226,Wallis and Futuna,Mata-Utu,Oceania,2010,13142,142,-0.107383006,#N/A
172,W. Sahara,El Aaiún,Africa,2010,413296,266000,0.528602866,#N/A
46,Yemen,Sanaa,Asia,2010,24743946,527968,0.328270142,30906749533
63,Zambia,Lusaka,Africa,2010,13792086,752612,0.394388471,20265559484
74,Zimbabwe,Harare,Africa,2010,12839771,390757,0.084927969,12041655200
36,Afghanistan,Kabul,Asia,2000,19542982,652230,0.82733565,0
138,Albania,Tirana,Europe,2000,3182021,28748,-0.034307355,3480355258
34,Algeria,Algiers,Africa,2000,30774621,2381741,0.205993093,54790392746
213,American Samoa,Pago Pago,Oceania,2000,58230,199,0.217742273,0
203,Andorra,Andorra la Vella,Europe,2000,66097,468,0.233866602,1429049198
42,Angola,Luanda,Africa,2000,16394062,1246700,0.385963625,9129634978
224,Anguilla,The Valley,North America,2000,11047,91,0.328403078,#N/A
201,Antigua and Barbuda,Saint John’s,North America,2000,75055,442,0.185178752,826370370.4
33,Argentina,Buenos Aires,South America,2000,37070774,2780400,0.135828286,2.84204E+11
140,Armenia,Yerevan,Asia,2000,3168523,29743,-0.109099324,1911563669
198,Aruba,Oranjestad,North America,2000,89101,180,0.355931945,1873452514
55,Australia,Canberra,Oceania,2000,19017963,7692024,0.11555371,4.15576E+11
99,Austria,Vienna,Europe,2000,8010428,83871,0.043197123,1.968E+11
91,Azerbaijan,Baku,Asia,2000,8190337,86600,0.102654528,5272798391
176,Bahamas,Nassau,North America,2000,325014,13943,0.200735927,8076470000
154,Bahrain,Manama,Asia,2000,711442,765,0.374985022,9062898936
8,Bangladesh,Dhaka,Asia,2000,129193327,147570,0.205750437,53369787319
186,Barbados,Bridgetown,North America,2000,264657,430,0.022362749,3059500000
96,Belarus,Minsk,Europe,2000,10256483,207600,-0.016497252,12738912134
81,Belgium,Brussels,Europe,2000,10264343,30528,0.030602055,2.36205E+11
177,Belize,Belmopan,North America,2000,240406,22966,0.316651058,832072450
77,Benin,Porto-Novo,Africa,2000,6998023,112622,0.363228484,3519991326
206,Bermuda,Hamilton,North America,2000,61371,54,0.067878893,3480219000
165,Bhutan,Thimphu,Asia,2000,587207,38394,0.051509378,424464089.9
80,Bolivia,Sucre,South America,2000,8592656,1098581,0.210882341,8397912509
137,Bosnia and Herzegovina,Sarajevo,Europe,2000,4179350,51209,-0.070079723,5567405599
144,Botswana,Gaborone,Africa,2000,1726985,582000,0.28737866,5788329609
7,Brazil,Brasilia,South America,2000,175873720,8515767,0.166995339,6.55448E+11
221,British Virgin Islands,Road Town,North America,2000,20104,151,0.287315105,0
175,Brunei,Bandar Seri Begawan,Asia,2000,333926,5765,0.274877065,6001153306
108,Bulgaria,Sofia,Europe,2000,8097691,110879,-0.076426091,13245833844
58,Burkina Faso,Ouagadougou,Africa,2000,11882888,272967,0.301327152,2968369991
78,Burundi,Bujumbura,Africa,2000,6307659,27834,0.150236524,870486065.9
73,Cambodia,Phnom Penh,Asia,2000,12118841,181035,0.360015949,3654031716
53,Cameroon,Yaounde,Africa,2000,15091594,475442,0.320289366,10566578953
39,Canada,Ottawa,North America,2000,30683313,9984670,0.109414856,7.44773E+11
171,Cape Verde,Praia,Africa,2000,458251,4033,0.256987133,539227277.6
205,Cayman Islands,George Town,North America,2000,39658,264,0.523725362,0
117,Central African Rep.,Bangui,Africa,2000,3759170,622984,0.338153887,914500299.1
69,Chad,N'Djamena,Africa,2000,8259137,1284000,0.417374155,1388506727
65,Chile,Santiago,South America,2000,15351799,756102,0.150562158,77860932152
1,China,Beijing,Asia,2000,1264099069,9706961,0.095687276,1.21135E+12
28,Colombia,Bogota,South America,2000,39215135,1141748,0.202866853,99886577331
163,Comoros,Moroni,Africa,2000,536758,1862,0.245034434,351136568.4
223,Cook Islands,Avarua,Oceania,2000,15897,236,-0.071599603,#N/A
124,Costa Rica,San José,North America,2000,3979193,51100,0.259934844,15013629659
130,Croatia,Zagreb,Europe,2000,4548434,56594,-0.066740368,21839780971
85,Cuba,Havana,North America,2000,11105791,109884,0.045085671,30565400000
189,Curacao,Willemstad,North America,2000,141424,444,-0.090204959,0
158,Cyprus,Nicosia,Europe,2000,948237,9251,0.202583386,9985844486
88,Czechia,Prague,Europe,2000,10234710,78865,-0.006453816,61828166496
115,Denmark,Copenhagen,Europe,2000,5340655,43094,0.03810425,1.64159E+11
160,Djibouti,Djibouti,Africa,2000,742033,23200,0.285633597,551230861.9
204,Dominica,Roseau,North America,2000,68346,751,-0.016335401,333470370.4
84,Dominican Republic,Santo Domingo,North America,2000,8540791,48671,0.198034256,24305717542
15,Dem. Rep. Congo,Kinshasa,Africa,2000,48616317,2344858,0.350920781,19088046306
67,Ecuador,Quito,South America,2000,12626507,276841,0.208297029,18327764882
14,Egypt,Cairo,Africa,2000,71371371,1002450,0.247432186,99838543960
112,El Salvador,San Salvador,North America,2000,5958482,21041,0.110170166,11784927700
152,Eq. Guinea,Malabo,Africa,2000,684977,28051,0.471331697,1045998496
132,Eritrea,Asmara,Africa,2000,2392880,117600,0.112988149,706370815.6
156,Estonia,Tallinn,Europe,2000,1396877,45227,-0.110651224,5686579748
159,eSwatini,Mbabane,Africa,2000,1030496,17364,0.206654247,1738100853
12,Ethiopia,Addis Ababa,Africa,2000,67031867,1104300,0.400053569,8242392104
231,Falkland Islands,Stanley,South America,2000,3080,12173,0.320754717,#N/A
209,Faroe Islands,Tórshavn,Europe,2000,45660,1393,-0.038311675,1058702725
162,Fiji,Suva,Oceania,2000,832509,18272,0.066731161,1678239218
118,Finland,Helsinki,Europe,2000,5176209,338424,0.038035153,1.25707E+11
23,France,Paris,Europe,2000,58665453,551695,0.039929805,1.36225E+12
184,French Guiana,Cayenne,South America,2000,164351,83534,0.44254856,#N/A
183,French Polynesia,Papeete,Oceania,2000,250927,4167,0.188726082,3447543203
146,Gabon,Libreville,Africa,2000,1272935,267668,0.294912251,5080483464
142,Gambia,Banjul,Africa,2000,1437539,10689,0.381430806,782915402.4
131,Georgia,Tbilisi,Asia,2000,4265172,69700,-0.208928051,3057475335
19,Germany,Berlin,Europe,2000,81551677,357114,0.027484889,1.94315E+12
47,Ghana,Accra,Africa,2000,19665502,238533,0.273096712,4983024408
219,Gibraltar,Gibraltar,Europe,2000,27741,6,0.01552147,0
90,Greece,Athens,Europe,2000,11038109,131990,0.071426498,1.30134E+11
208,Greenland,Nuuk,North America,2000,56184,2166086,0.010521772,1068030830
193,Grenada,Saint George's,North America,2000,107432,344,0.084656779,520044370.4
178,Guadeloupe,Basse-Terre,North America,2000,424067,1628,0.081938814,#N/A
191,Guam,Hagåtña,Oceania,2000,160188,549,0.158574601,0
68,Guatemala,Guatemala City,North America,2000,11735894,108889,0.291819285,19288827159
207,Guernsey,Saint Peter Port,Europe,2000,59114,78,0.024026885,#N/A
75,Guinea,Conakry,Africa,2000,8336967,245857,0.312051739,2995361141
149,Guinea-Bissau,Bissau,Africa,2000,1230849,36125,0.264288157,371095510
164,Guyana,Georgetown,South America,2000,759051,214969,0.015974762,712667896.7
82,Haiti,Port-au-Prince,North America,2000,8360225,27750,0.207195006,6813577558
89,Honduras,Tegucigalpa,North America,2000,6656725,112492,0.31731976,7103826902
104,Hong Kong,Hong Kong,Asia,2000,6731195,1104,0.152883392,1.71668E+11
94,Hungary,Budapest,Europe,2000,10202055,93028,-0.016763125,47218405892
179,Iceland,Reykjavík,Europe,2000,281462,103000,0.103690313,9025660362
2,India,New Delhi,Asia,2000,1059633675,3287590,0.217337055,4.68395E+11
4,Indonesia,Jakarta,Asia,2000,214072421,1904569,0.175189773,1.65021E+11
17,Iran,Tehran,Asia,2000,65544383,1648195,0.174764649,1.09592E+11
35,Iraq,Baghdad,Asia,2000,24628858,438317,0.394740435,48364250944
125,Ireland,Dublin,Europe,2000,3768950,70273,0.081361713,99958806891
202,Isle of Man,Douglas,Europe,2000,75562,572,0.097248239,1563667800
98,Israel,Jerusalem,Asia,2000,6116958,20770,0.273502921,1.32456E+11
25,Italy,Rome,Europe,2000,56966397,301336,0.003697123,1.14383E+12
52,Côte d'Ivoire,Yamoussoukro,Africa,2000,16799670,322463,0.410487686,16577533355
139,Jamaica,Kingston,North America,2000,2612205,10991,0.09204525,9005064475
11,Japan,Tokyo,Asia,2000,126803861,377930,0.025205212,4.96836E+12
195,Jersey,Saint Helier,Europe,2000,86192,116,0.040036682,#N/A
83,Jordan,Amman,Asia,2000,5056174,89342,0.452678528,8460424401
66,Kazakhstan,Nursultan,Asia,2000,15236253,2724900,-0.09665929,18291994909
27,Kenya,Nairobi,Africa,2000,30851606,580367,0.331976846,12705357103
192,Kiribati,Tarawa,Oceania,2000,88826,811,0.182391779,67254174.4
129,Kuwait,Kuwait City,Asia,2000,1934901,17818,0.155207536,37712842243
110,Kyrgyzstan,Bishkek,Asia,2000,4935182,199951,0.122976271,1369688498
103,Laos,Vientiane,Asia,2000,5430853,236800,0.258761096,1731198022
151,Latvia,Riga,Europe,2000,2392530,64559,-0.110382239,7958852839
119,Lebanon,Beirut,Asia,2000,4320642,10452,0.202282327,17260364842
147,Lesotho,Maseru,Africa,2000,1998630,30355,0.110969057,887295267.9
121,Liberia,Monrovia,Africa,2000,2895224,111369,0.310215587,874000000
107,Libya,Tripoli,Africa,2000,5154790,1759540,0.216618051,38270206950
216,Liechtenstein,Vaduz,Europe,2000,33026,160,0.14813141,2483953103
141,Lithuania,Vilnius,Europe,2000,3599637,65300,-0.049185823,11524776867
168,Luxembourg,Luxembourg,Europe,2000,435628,2586,0.142579872,21177470978
167,Macau,Concelho de Macau,Asia,2000,431896,30,0.23318876,6774193548
50,Madagascar,Antananarivo,Africa,2000,16216431,587041,0.364702163,4629247091
62,Malawi,Lilongwe,Africa,2000,11229387,118484,0.177125926,1743506531
45,Malaysia,Kuala Lumpur,Asia,2000,22945150,330803,0.309874937,93789736842
174,Maldives,Malé,Asia,2000,282507,300,0.255826669,624337145.3
59,Mali,Bamako,Africa,2000,11239101,1240192,0.25646376,2961476518
173,Malta,Valletta,Europe,2000,399212,316,0.092558129,4069515579
215,Marshall Islands,Majuro,Oceania,2000,54224,181,0.17757943,115347500
180,Martinique,Fort-de-France,North America,2000,432543,1128,0.15569467,#N/A
126,Mauritania,Nouakchott,Africa,2000,2695003,1030700,0.343453004,1779523344
157,Mauritius,Port Louis,Africa,2000,1215930,2040,0.115235396,4663313620
182,Mayotte,Mamoudzou,Africa,2000,159215,374,0.718289643,#N/A
10,Mexico,Mexico City,North America,2000,97873442,1964375,0.197661887,7.07907E+11
194,Micronesia,Palikir,Oceania,2000,111709,702,0.132916848,233271800
135,Moldova,Chisinau,Europe,2000,4251573,33846,-0.051030323,1288429392
217,Monaco,Monaco,Europe,2000,32465,2,0.070427644,2647885849
134,Mongolia,Ulaanbaatar,Asia,2000,2450979,1564110,0.133960201,1136896124
169,Montenegro,Podgorica,Europe,2000,633324,13812,0.019120047,984297589.4
230,Montserrat,Brades,North America,2000,5138,102,-0.524479408,#N/A
40,Morocco,Rabat,Africa,2000,28554415,446550,0.162127352,38857251336
48,Mozambique,Maputo,Africa,2000,17768505,801590,0.335630455,5656473652
26,Myanmar,Nay Pyi Taw,Asia,2000,45538332,676578,0.135631911,6849321646
145,Namibia,Windhoek,Africa,2000,1819141,825615,0.328799403,3922247990
225,Nauru,Yaren,Oceania,2000,10377,21,0.081162742,0
49,Nepal,Kathmandu,Asia,2000,24559500,147181,0.251979835,5494252208
71,Netherlands,Amsterdam,Europe,2000,15899135,41850,0.063875267,4.16443E+11
185,New Caledonia,Nouméa,Oceania,2000,221537,18575,0.249757424,3420032042
123,New Zealand,Wellington,Oceania,2000,3855266,270467,0.134773204,52623281957
106,Nicaragua,Managua,North America,2000,5123222,130373,0.211788108,5107329007
54,Niger,Niamey,Africa,2000,11622665,1267000,0.388502585,2241753120
6,Nigeria,Abuja,Africa,2000,122851984,923768,0.290268788,69448756933
232,Niue,Alofi,Oceania,2000,2074,260,-0.181208054,#N/A
56,North Korea,Pyongyang,Asia,2000,23367059,120538,0.123442062,0
150,North Macedonia,Skopje,Europe,2000,2037936,25713,-0.003051599,3772857145
210,Northern Mariana Islands,Saipan,Oceania,2000,80338,464,0.673638598,#N/A
120,Norway,Oslo,Europe,2000,4491202,323802,0.058837203,1.71247E+11
127,Oman,Muscat,Asia,2000,2344253,309500,0.299097712,19507452536
5,Pakistan,Islamabad,Asia,2000,154369924,881912,0.33753125,82017743416
222,Palau,Ngerulmud,Oceania,2000,19726,459,0.289871183,146297500
122,Palestine,Ramallah,Asia,2000,3139954,6220,0.477897345,4313600000
128,Panama,Panama City,North America,2000,3001731,75417,0.225212329,12304115000
93,Papua New Guinea,Port Moresby,Oceania,2000,5508297,462840,0.425184193,3521339699
109,Paraguay,Asunción,South America,2000,5123819,406752,0.262274663,8855705140
44,Peru,Lima,South America,2000,26654439,1285216,0.205586849,51744749133
13,Philippines,Manila,Asia,2000,77958223,342353,0.266400562,83669693589
37,Poland,Warsaw,Europe,2000,38504431,312679,0.011564025,1.72219E+11
92,Portugal,Lisbon,Europe,2000,10300626,92090,0.029306471,1.18311E+11
136,Puerto Rico,San Juan,North America,2000,3827108,8870,0.079952006,61701800000
143,Qatar,Doha,Asia,2000,645937,11586,0.462471274,17759890110
114,Congo,Brazzaville,Africa,2000,3134030,342000,0.313819073,3227927593
161,Reunion,Saint-Denis,Africa,2000,785424,2511,0.191856654,#N/A
64,Romania,Bucharest,Europe,2000,21919876,238391,-0.04012737,37253259017
9,Russia,Moscow,Europe,2000,146844839,17098242,-0.00784338,2.5971E+11
76,Rwanda,Kigali,Africa,2000,8109989,26338,0.107927746,2067528500
228,Saint Barthelemy,Gustavia,North America,2000,7082,21,0.370356037,#N/A
211,Saint Kitts and Nevis,Basseterre,North America,2000,45461,261,0.11873708,421695769.8
190,Saint Lucia,Castries,North America,2000,159500,616,0.120863522,932592592.6
220,Saint Martin,Marigot,North America,2000,29610,53,0.05272514,0
229,Saint Pierre and Miquelon,Saint-Pierre,North America,2000,6274,242,-0.007906388,#N/A
199,Saint Vincent and the Grenadines,Kingstown,North America,2000,113813,389,0.011788029,396262963
188,Samoa,Apia,Oceania,2000,184008,2842,0.094074418,269019710.3
218,San Marino,San Marino,Europe,2000,26823,61,0.159562511,1005159388
187,Sao Tome and Principe,São Tomé,Africa,2000,143714,964,0.194203236,0
41,Saudi Arabia,Riyadh,Asia,2000,21547390,2149690,0.346311095,1.89515E+11
72,Senegal,Dakar,Africa,2000,9704287,196722,0.287723688,6013184809
105,Serbia,Belgrade,Europe,2000,7935022,88361,-0.006573622,6875845987
196,Seychelles,Victoria,Africa,2000,80060,452,0.126701099,614879764.8
102,Sierra Leone,Freetown,Africa,2000,4584067,71740,0.059804808,635874002.2
113,Singapore,Singapore,Asia,2000,4053602,710,0.341271236,96074477958
214,Sint Maarten,Philipsburg,North America,2000,30489,34,0.094954211,0
116,Slovakia,Bratislava,Europe,2000,5376690,49037,0.021930871,29169953013
148,Slovenia,Ljubljana,Europe,2000,1984339,20273,-0.000848429,20289627637
166,Solomon Islands,Honiara,Oceania,2000,429978,28896,0.326392552,419933580.9
70,Somaliland,Mogadishu,Africa,2000,8721465,637657,0.246084494,0
24,South Africa,Pretoria,Africa,2000,46813266,1221037,0.17392474,1.51753E+11
29,South Korea,Seoul,Asia,2000,46788591,100210,0.060483899,5.76178E+11
86,S. Sudan,Juba,Africa,2000,6114440,619745,0.287029157,0
30,Spain,Madrid,Europe,2000,40741651,505992,0.047615513,5.96878E+11
61,Sri Lanka,Colombo,Asia,2000,18776371,65610,0.091389701,16330814180
32,Sudan,Khartoum,Africa,2000,26298773,1886068,0.246925947,12257418326
170,Suriname,Paramaribo,South America,2000,478998,163820,0.160487067,947671969.7
87,Sweden,Stockholm,Europe,2000,8871043,450295,0.037742358,2.62835E+11
101,Switzerland,Bern,Europe,2000,7182059,41284,0.070081573,2.79841E+11
60,Syria,Damascus,Asia,2000,16307654,185180,0.314179971,80590022272
57,Taiwan,Taipei,Asia,2000,22194731,36193,0.078137735,#N/A
95,Tajikistan,Dushanbe,Asia,2000,6272998,143100,0.157836858,860521119.3
22,Tanzania,Dodoma,Africa,2000,34463704,945087,0.315106778,13375976354
20,Thailand,Bangkok,Asia,2000,63066603,513120,0.141923206,1.26392E+11
155,Timor-Leste,Dili,Asia,2000,878360,14874,0.158624256,367087900
100,Togo,Lomé,Africa,2000,5008035,56785,0.292080361,1491891108
233,Tokelau,Nukunonu,Oceania,2000,1666,12,-0.001797484,#N/A
197,Tonga,Nuku‘alofa,Oceania,2000,102603,747,0.039259777,204849612.6
153,Trinidad and Tobago,Port-of-Spain,North America,2000,1332203,5130,0.051862666,8154338233
79,Tunisia,Tunis,Africa,2000,9893316,163610,0.172190645,21473261837
18,Turkey,Ankara,Asia,2000,64113547,783562,0.180203582,2.74303E+11
111,Turkmenistan,Ashgabat,Asia,2000,4569132,488100,0.228169508,2904732773
212,Turks and Caicos Islands,Cockburn Town,North America,2000,18744,948,0.600819882,0
227,Tuvalu,Funafuti,Oceania,2000,9638,26,0.049662383,13742057.05
31,Uganda,Kampala,Africa,2000,24020697,241550,0.36584991,6193246837
38,Ukraine,Kiev,Europe,2000,48879755,603500,-0.052530948,32375280321
97,United Arab Emirates,Abu Dhabi,Asia,2000,3275333,83600,0.723722483,1.04337E+11
21,United Kingdom,London,Europe,2000,58850043,242900,0.028659121,1.66213E+12
3,United States of America,"Washington, D.C.",North America,2000,282398554,9372610,0.138319517,1.02523E+13
200,United States Virgin Islands,Charlotte Amalie,North America,2000,108185,347,0.074489745,0
133,Uruguay,Montevideo,South America,2000,3292224,181034,0.056211526,22823255802
43,Uzbekistan,Tashkent,Asia,2000,24925554,447400,0.211207196,13760513969
181,Vanuatu,Port-Vila,Oceania,2000,192074,12189,0.273008046,272014693.1
234,Vatican City,Vatican City,Europe,2000,651,1,-0.07,#N/A
51,Venezuela,Caracas,South America,2000,24427729,916445,0.236810779,1.17141E+11
16,Vietnam,Hanoi,Asia,2000,79001142,331212,0.18066144,31172518403
226,Wallis and Futuna,Mata-Utu,Oceania,2000,14723,142,0.094321391,#N/A
172,W. Sahara,El Aaiún,Africa,2000,270375,266000,0.514459836,#N/A
46,Yemen,Sanaa,Asia,2000,18628700,527968,0.3927874,9652436180
63,Zambia,Lusaka,Africa,2000,9891136,752612,0.286835803,3600683040
74,Zimbabwe,Harare,Africa,2000,11834676,390757,0.170140519,6689957600
36,Afghanistan,Kabul,Asia,1990,10694796,652230,-0.143500276,0
138,Albania,Tirana,Europe,1990,3295066,28748,0.120141716,2028553750
34,Algeria,Algiers,Africa,1990,25518074,2381741,0.361735379,62048562947
213,American Samoa,Pago Pago,Oceania,1990,47818,199,0.454053397,0
203,Andorra,Andorra la Vella,Europe,1990,53569,468,0.504282385,1029048482
42,Angola,Luanda,Africa,1990,11828638,1246700,0.41999655,11236275843
224,Anguilla,The Valley,North America,1990,8316,91,0.267682927,#N/A
201,Antigua and Barbuda,Saint John’s,North America,1990,63328,442,-0.024041425,459470370.4
33,Argentina,Buenos Aires,South America,1990,32637657,2780400,0.16459898,1.41352E+11
140,Armenia,Yerevan,Asia,1990,3556539,29743,0.134417693,2256838858
198,Aruba,Oranjestad,North America,1990,65712,180,0.055326256,764887117.2
55,Australia,Canberra,Oceania,1990,17048003,7692024,0.159229548,3.11327E+11
99,Austria,Vienna,Europe,1990,7678729,83871,0.017378859,1.66463E+11
91,Azerbaijan,Baku,Asia,1990,7427836,86600,0.163679489,0
176,Bahamas,Nassau,North America,1990,270679,13943,0.209727734,3166000000
154,Bahrain,Manama,Asia,1990,517418,765,0.426986031,4229787234
8,Bangladesh,Dhaka,Asia,1990,107147651,147570,0.276634708,31598341234
186,Barbados,Bridgetown,North America,1990,258868,430,0.020873509,2012131457
96,Belarus,Minsk,Europe,1990,10428525,207600,0.062264643,21650000000
81,Belgium,Brussels,Europe,1990,9959560,30528,0.013284585,2.05332E+11
177,Belize,Belmopan,North America,1990,182589,22966,0.258080519,412086445.5
77,Benin,Porto-Novo,Africa,1990,5133419,112622,0.33894123,1959965244
206,Bermuda,Hamilton,North America,1990,57470,54,0.072902082,1592400000
165,Bhutan,Thimphu,Asia,1990,558442,38394,0.344810563,287658184
80,Bolivia,Sucre,South America,1990,7096194,1098581,0.237113866,4867582620
137,Bosnia and Herzegovina,Sarajevo,Europe,1990,4494310,51209,0.070119672,0
144,Botswana,Gaborone,Africa,1990,1341474,582000,0.429262139,3790567052
7,Brazil,Brasilia,South America,1990,150706446,8515767,0.232385631,3.90726E+11
221,British Virgin Islands,Road Town,North America,1990,15617,151,0.405797101,0
175,Brunei,Bandar Seri Begawan,Asia,1990,261928,5765,0.393819743,3520551724
108,Bulgaria,Sofia,Europe,1990,8767778,110879,-0.023698623,20632090909
58,Burkina Faso,Ouagadougou,Africa,1990,9131361,272967,0.317092812,3101300642
78,Burundi,Bujumbura,Africa,1990,5483793,27834,0.271505697,1132101253
73,Cambodia,Phnom Penh,Asia,1990,8910808,181035,0.437468452,0
53,Cameroon,Yaounde,Africa,1990,11430520,475442,0.341627493,12314482085
39,Canada,Ottawa,North America,1990,27657204,9984670,0.128335382,5.9393E+11
171,Cape Verde,Praia,Africa,1990,364563,4033,0.149192709,306891107.3
205,Cayman Islands,George Town,North America,1990,26027,264,0.522046784,0
117,Central African Rep.,Bangui,Africa,1990,2809221,622984,0.163105583,1440711396
69,Chad,N'Djamena,Africa,1990,5827069,1284000,0.321861382,1738605558
65,Chile,Santiago,South America,1990,13342868,756102,0.16330149,33113887818
1,China,Beijing,Asia,1990,1153704252,9706961,0.174406136,3.60858E+11
28,Colombia,Bogota,South America,1990,32601393,1141748,0.245459586,47844090710
163,Comoros,Moroni,Africa,1990,431119,1862,0.313074121,429622147.7
223,Cook Islands,Avarua,Oceania,1990,17123,236,-0.029913319,#N/A
124,Costa Rica,San José,North America,1990,3158253,51100,0.308142764,5711687787
130,Croatia,Zagreb,Europe,1990,4873707,56594,0.041358343,0
85,Cuba,Havana,North America,1990,10626680,109884,0.083348362,28645436569
189,Curacao,Willemstad,North America,1990,155446,444,-0.008957546,0
158,Cyprus,Nicosia,Europe,1990,788500,9251,0.160707583,5591130218
88,Czechia,Prague,Europe,1990,10301192,78865,0.003031336,40728950705
115,Denmark,Copenhagen,Europe,1990,5144623,43094,0.003752103,1.38247E+11
160,Djibouti,Djibouti,Africa,1990,577173,23200,0.780733121,452328087.3
204,Dominica,Roseau,North America,1990,69481,751,-0.047918551,201429629.6
84,Dominican Republic,Santo Domingo,North America,1990,7129004,48671,0.238577435,7073675545
15,Dem. Rep. Congo,Kinshasa,Africa,1990,35987541,2344858,0.34740964,9349764580
67,Ecuador,Quito,South America,1990,10449837,276841,0.284419381,15239278100
14,Egypt,Cairo,Africa,1990,57214630,1002450,0.307806137,42978914311
112,El Salvador,San Salvador,North America,1990,5367179,21041,0.190327905,4817542204
152,Eq. Guinea,Malabo,Africa,1990,465549,28051,0.647908562,112119406.5
132,Eritrea,Asmara,Africa,1990,2149960,117600,0.296733016,0
156,Estonia,Tallinn,Europe,1990,1570674,45227,0.063434041,0
159,eSwatini,Mbabane,Africa,1990,854011,17364,0.426766394,1114703088
12,Ethiopia,Addis Ababa,Africa,1990,47878073,1104300,0.370079566,12175166763
231,Falkland Islands,Stanley,South America,1990,2332,12173,0.041071429,#N/A
209,Faroe Islands,Tórshavn,Europe,1990,47479,1393,0.102777907,0
162,Fiji,Suva,Oceania,1990,780430,18272,0.210753636,1337024782
118,Finland,Helsinki,Europe,1990,4986545,338424,0.043337285,1.41438E+11
23,France,Paris,Europe,1990,56412897,551695,0.050249014,1.26918E+12
184,French Guiana,Cayenne,South America,1990,113931,83534,0.704915825,#N/A
183,French Polynesia,Papeete,Oceania,1990,211089,4167,0.290346046,3181206305
146,Gabon,Libreville,Africa,1990,983028,267668,0.312317275,5952293766
142,Gambia,Banjul,Africa,1990,1040616,10689,0.448143994,317083373.5
131,Georgia,Tbilisi,Asia,1990,5391636,69700,0.047765352,7753540784
19,Germany,Berlin,Europe,1990,79370196,357114,0.02035686,1.77167E+12
47,Ghana,Accra,Africa,1990,15446982,238533,0.301867825,5889174825
219,Gibraltar,Gibraltar,Europe,1990,27317,6,-0.049314401,0
90,Greece,Athens,Europe,1990,10302255,131990,0.106918575,97891092003
208,Greenland,Nuuk,North America,1990,55599,2166086,0.10962759,1018970365
193,Grenada,Saint George's,North America,1990,99047,344,0.044380944,278098763
178,Guadeloupe,Basse-Terre,North America,1990,391951,1628,0.172684407,#N/A
191,Guam,Hagåtña,Oceania,1990,138263,549,0.253676804,0
68,Guatemala,Guatemala City,North America,1990,9084780,108889,0.300097728,7650125217
207,Guernsey,Saint Peter Port,Europe,1990,57727,78,0.092073401,#N/A
75,Guinea,Conakry,Africa,1990,6354145,245857,0.277829204,2666750686
149,Guinea-Bissau,Bissau,Africa,1990,973551,36125,0.170890552,243961995.5
164,Guyana,Georgetown,South America,1990,747116,214969,-0.03991385,396582263.3
82,Haiti,Port-au-Prince,North America,1990,6925331,27750,0.226443841,3096289800
89,Honduras,Tegucigalpa,North America,1990,5053234,112492,0.337545626,4923009552
104,Hong Kong,Hong Kong,Asia,1990,5838574,1104,0.172747293,76928290842
94,Hungary,Budapest,Europe,1990,10375989,93028,-0.030161668,0
179,Iceland,Reykjavík,Europe,1990,255019,103000,0.117215668,6468736287
2,India,New Delhi,Asia,1990,870452165,3287590,0.249162898,3.20979E+11
4,Indonesia,Jakarta,Asia,1990,182159874,1904569,0.229338939,1.06141E+11
17,Iran,Tehran,Asia,1990,55793629,1648195,0.448407769,1.24813E+11
35,Iraq,Baghdad,Asia,1990,17658381,438317,0.293335074,1.80408E+11
125,Ireland,Dublin,Europe,1990,3485374,70273,0.02771344,49305632408
202,Isle of Man,Douglas,Europe,1990,68865,572,0.075645872,0
98,Israel,Jerusalem,Asia,1990,4803254,20770,0.282712102,0
25,Italy,Rome,Europe,1990,56756561,301336,0.007581802,1.18122E+12
52,Côte d'Ivoire,Yamoussoukro,Africa,1990,11910540,322463,0.434346575,10795850107
139,Jamaica,Kingston,North America,1990,2392030,10991,0.120102306,4592224067
11,Japan,Tokyo,Asia,1990,123686321,377930,0.051538078,3.13282E+12
195,Jersey,Saint Helier,Europe,1990,82874,116,0.103162771,#N/A
83,Jordan,Amman,Asia,1990,3480587,89342,0.570022234,4160003917
66,Kazakhstan,Nursultan,Asia,1990,16866563,2724900,0.190073246,26932729103
27,Kenya,Nairobi,Africa,1990,23162269,580367,0.430906997,8572359163
192,Kiribati,Tarawa,Oceania,1990,75124,811,0.235327973,39809538.68
129,Kuwait,Kuwait City,Asia,1990,1674938,17818,0.121207334,18427777778
110,Kyrgyzstan,Bishkek,Asia,1990,4394734,199951,0.190594735,2675000000
103,Laos,Vientiane,Asia,1990,4314443,236800,0.308390642,865559856.2
151,Latvia,Riga,Europe,1990,2689391,64559,0.045626871,0
119,Lebanon,Beirut,Asia,1990,3593700,10452,0.212571304,2838485354
147,Lesotho,Maseru,Africa,1990,1798997,30355,0.277994448,596415104.5
121,Liberia,Monrovia,Africa,1990,2209731,111369,0.143653066,0
107,Libya,Tripoli,Africa,1990,4236983,1759540,0.430099031,28901836158
216,Liechtenstein,Vaduz,Europe,1990,28765,160,0.150461945,1421466240
141,Lithuania,Vilnius,Europe,1990,3785847,65300,0.075156353,0
168,Luxembourg,Luxembourg,Europe,1990,381267,2586,0.048182635,12778792854
167,Macau,Concelho de Macau,Asia,1990,350227,30,0.427563465,3246477995
50,Madagascar,Antananarivo,Africa,1990,11882762,587041,0.327955618,3931334871
62,Malawi,Lilongwe,Africa,1990,9539665,118484,0.522116378,1880771556
45,Malaysia,Kuala Lumpur,Asia,1990,17517054,330803,0.325472334,44024178343
174,Maldives,Malé,Asia,1990,224957,300,0.364310103,215043969.8
59,Mali,Bamako,Africa,1990,8945026,1240192,0.213282838,2681959313
173,Malta,Valletta,Europe,1990,365392,316,0.095342444,2547163582
215,Marshall Islands,Majuro,Oceania,1990,46047,181,0.439508566,78476000
180,Martinique,Fort-de-France,North America,1990,374271,1128,0.121290288,#N/A
126,Mauritania,Nouakchott,Africa,1990,2006027,1030700,0.331409696,1506914408
157,Mauritius,Port Louis,Africa,1990,1090290,2040,0.141826331,2653480001
182,Mayotte,Mamoudzou,Africa,1990,92659,374,0.773955162,#N/A
10,Mexico,Mexico City,North America,1990,81720428,1964375,0.207003966,2.61254E+11
194,Micronesia,Palikir,Oceania,1990,98603,702,0.292323622,147200000
135,Moldova,Chisinau,Europe,1990,4480199,33846,0.091868621,0
217,Monaco,Monaco,Europe,1990,30329,2,0.1201433,2481316054
134,Mongolia,Ulaanbaatar,Asia,1990,2161433,1564110,0.273093687,2560785660
169,Montenegro,Podgorica,Europe,1990,621442,13812,0.054499732,0
230,Montserrat,Brades,North America,1990,10805,102,-0.056496682,#N/A
40,Morocco,Rabat,Africa,1990,24570814,446550,0.248615693,30180108562
48,Mozambique,Maputo,Africa,1990,13303459,801590,0.165580899,0
26,Myanmar,Nay Pyi Taw,Asia,1990,40099553,676578,0.198225525,2036373523
145,Namibia,Windhoek,Africa,1990,1369011,825615,0.402683828,2789944498
225,Nauru,Yaren,Oceania,1990,9598,21,0.257105435,0
49,Nepal,Kathmandu,Asia,1990,19616530,147181,0.257434244,3627562403
71,Netherlands,Amsterdam,Europe,1990,14944548,41850,0.057617743,3.18331E+11
185,New Caledonia,Nouméa,Oceania,1990,177264,18575,0.192901702,2529440424
123,New Zealand,Wellington,Oceania,1990,3397389,270467,0.079506718,45495129385
106,Nicaragua,Managua,North America,1990,4227820,130373,0.279874211,1009455484
54,Niger,Niamey,Africa,1990,8370647,1267000,0.355970678,3512356353
6,Nigeria,Abuja,Africa,1990,95214257,923768,0.305173117,54035795388
232,Niue,Alofi,Oceania,1990,2533,260,-0.303546879,#N/A
56,North Korea,Pyongyang,Asia,1990,20799523,120538,0.157223102,0
150,North Macedonia,Skopje,Europe,1990,2044174,25713,0.071918902,4699646643
210,Northern Mariana Islands,Saipan,Oceania,1990,48002,464,1.725373304,#N/A
120,Norway,Oslo,Europe,1990,4241636,323802,0.038146976,1.19792E+11
127,Oman,Muscat,Asia,1990,1804524,309500,0.773554197,11685045514
5,Pakistan,Islamabad,Asia,1990,115414069,881912,0.431509072,40010423970
222,Palau,Ngerulmud,Oceania,1990,15293,459,0.248204375,0
122,Palestine,Ramallah,Asia,1990,2124609,6220,0.46159863,0
128,Panama,Panama City,North America,1990,2449968,75417,0.251908163,6433967000
93,Papua New Guinea,Port Moresby,Oceania,1990,3864972,462840,0.244842482,3219730365
109,Paraguay,Asunción,South America,1990,4059195,406752,0.31838617,5812114523
44,Peru,Lima,South America,1990,22109099,1285216,0.263925557,26410386669
13,Philippines,Manila,Asia,1990,61558898,342353,0.271364626,50508286643
37,Poland,Warsaw,Europe,1990,38064255,312679,0.07158569,65977749037
92,Portugal,Lisbon,Europe,1990,10007346,92090,0.022696809,78713860217
136,Puerto Rico,San Juan,North America,1990,3543776,8870,0.102411273,30603919000
143,Qatar,Doha,Asia,1990,441675,11586,0.591908452,7360439423
114,Congo,Brazzaville,Africa,1990,2385435,342000,0.304046563,2798746051
161,Reunion,Saint-Denis,Africa,1990,658992,2511,0.194531553,#N/A
64,Romania,Bucharest,Europe,1990,22836234,238391,0.03213572,38995454545
9,Russia,Moscow,Europe,1990,148005704,17098242,0.070508216,5.16814E+11
76,Rwanda,Kigali,Africa,1990,7319962,26338,0.394934228,2550185618
228,Saint Barthelemy,Gustavia,North America,1990,5168,21,0.732484076,#N/A
211,Saint Kitts and Nevis,Basseterre,North America,1990,40636,261,-0.057103743,217259259.3
190,Saint Lucia,Castries,North America,1990,142301,616,0.169920992,579629629.6
220,Saint Martin,Marigot,North America,1990,28127,53,2.61715535,0
229,Saint Pierre and Miquelon,Saint-Pierre,North America,1990,6324,242,0.035702588,#N/A
199,Saint Vincent and the Grenadines,Kingstown,North America,1990,112487,389,0.046585411,240366666.7
188,Samoa,Apia,Oceania,1990,168186,2842,0.019896304,125766269.8
218,San Marino,San Marino,Europe,1990,23132,61,0.083669071,0
187,Sao Tome and Principe,São Tomé,Africa,1990,120343,964,0.237969345,0
41,Saudi Arabia,Riyadh,Asia,1990,16004763,2149690,0.573458445,1.1763E+11
72,Senegal,Dakar,Africa,1990,7536001,196722,0.321208639,7390967035
105,Serbia,Belgrade,Europe,1990,7987529,88361,0.027069401,0
196,Seychelles,Victoria,Africa,1990,71057,452,0.088328994,368584758.9
102,Sierra Leone,Freetown,Africa,1990,4325388,71740,0.284459552,649644826.8
113,Singapore,Singapore,Asia,1990,3022209,710,0.258871368,36144336769
214,Sint Maarten,Philipsburg,North America,1990,27845,34,1.274360859,0
116,Slovakia,Bratislava,Europe,1990,5261305,49037,0.057786241,12747380650
148,Slovenia,Ljubljana,Europe,1990,1986024,20273,0.044412775,0
166,Solomon Islands,Honiara,Oceania,1990,324171,28896,0.38731448,214727767.6
70,Somaliland,Mogadishu,Africa,1990,6999096,637657,0.187853008,917044228
24,South Africa,Pretoria,Africa,1990,39877570,1221037,0.353454399,1.15552E+11
29,South Korea,Seoul,Asia,1990,44120039,100210,0.155867433,2.83368E+11
86,S. Sudan,Juba,Africa,1990,4750817,619745,0.133302608,0
30,Spain,Madrid,Europe,1990,38889889,505992,0.037294235,5.36559E+11
61,Sri Lanka,Colombo,Asia,1990,17204094,65610,0.151264902,8032551173
32,Sudan,Khartoum,Africa,1990,21090886,1886068,0.264928012,12408647541
170,Suriname,Paramaribo,South America,1990,412756,163820,0.100354028,388400000
87,Sweden,Stockholm,Europe,1990,8548406,450295,0.028470855,2.61846E+11
101,Switzerland,Bern,Europe,1990,6711693,41284,0.062125808,2.65987E+11
60,Syria,Damascus,Asia,1990,12408996,185180,0.394433099,23904498886
57,Taiwan,Taipei,Asia,1990,20586174,36193,0.137340023,#N/A
95,Tajikistan,Dushanbe,Asia,1990,5417860,143100,0.339077328,2629395852
22,Tanzania,Dodoma,Africa,1990,26206012,945087,0.357989174,4258743263
20,Thailand,Bangkok,Asia,1990,55228410,513120,0.207501602,85343063966
155,Timor-Leste,Dili,Asia,1990,758106,14874,0.180438601,0
100,Togo,Lomé,Africa,1990,3875947,56785,0.36567892,1628427515
233,Tokelau,Nukunonu,Oceania,1990,1669,12,0.01335762,#N/A
197,Tonga,Nuku‘alofa,Oceania,1990,98727,747,0.02087728,113563821.6
153,Trinidad and Tobago,Port-of-Spain,North America,1990,1266518,5130,0.122946982,5068000000
79,Tunisia,Tunis,Africa,1990,8440023,163610,0.28303783,12290568182
18,Turkey,Ankara,Asia,1990,54324142,783562,0.232145365,1.50676E+11
111,Turkmenistan,Ashgabat,Asia,1990,3720278,488100,0.299477488,3189539641
212,Turks and Caicos Islands,Cockburn Town,North America,1990,11709,948,0.541063438,0
227,Tuvalu,Funafuti,Oceania,1990,9182,26,0.18768594,8824447.74
31,Uganda,Kampala,Africa,1990,17586630,241550,0.323893073,4304398866
38,Ukraine,Kiev,Europe,1990,51589817,603500,0.032334806,81393535306
97,United Arab Emirates,Abu Dhabi,Asia,1990,1900151,83600,0.873827472,50701443748
21,United Kingdom,London,Europe,1990,57210442,242900,0.015696283,1.09317E+12
3,United States of America,"Washington, D.C.",North America,1990,248083732,9372610,0.111785032,5.96314E+12
200,United States Virgin Islands,Charlotte Amalie,North America,1990,100685,347,0.041856374,0
133,Uruguay,Montevideo,South America,1990,3117012,181034,0.055272789,9298839655
43,Uzbekistan,Tashkent,Asia,1990,20579100,447400,0.290457988,13360607918
181,Vanuatu,Port-Vila,Oceania,1990,150882,12189,0.276972816,168879207.2
234,Vatican City,Vatican City,Europe,1990,700,1,-0.045020464,#N/A
51,Venezuela,Caracas,South America,1990,19750579,916445,0.298488085,48598315565
16,Vietnam,Hanoi,Asia,1990,66912613,331212,0.263258419,6471740806
226,Wallis and Futuna,Mata-Utu,Oceania,1990,13454,142,0.189041096,#N/A
172,W. Sahara,El Aaiún,Africa,1990,178529,266000,0.528828945,#N/A
46,Yemen,Sanaa,Asia,1990,13375121,527968,0.453037598,5647119229
63,Zambia,Lusaka,Africa,1990,7686401,752612,0.343673509,3285217391
74,Zimbabwe,Harare,Africa,1990,10113893,390757,0.43460981,8783816700
36,Afghanistan,Kabul,Asia,1980,12486631,652230,0.161226139,3641723322
138,Albania,Tirana,Europe,1980,2941651,28748,0.265372639,0
34,Algeria,Algiers,Africa,1980,18739378,2381741,0.358328027,42346380831
213,American Samoa,Pago Pago,Oceania,1980,32886,199,0.214626039,0
203,Andorra,Andorra la Vella,Europe,1980,35611,468,0.793101712,446416105.8
42,Angola,Luanda,Africa,1980,8330047,1246700,0.381502728,5934073604
224,Anguilla,The Valley,North America,1980,6560,91,0.044087219,#N/A
201,Antigua and Barbuda,Saint John’s,North America,1980,64888,442,0.005766012,131431026.7
33,Argentina,Buenos Aires,South America,1980,28024803,2780400,0.17539884,76961923742
140,Armenia,Yerevan,Asia,1980,3135123,29743,0.237038925,0
198,Aruba,Oranjestad,North America,1980,62267,180,0.053480188,0
55,Australia,Canberra,Oceania,1980,14706322,7692024,0.167628607,1.50032E+11
99,Austria,Vienna,Europe,1980,7547561,83871,0.01101898,82058912997
91,Azerbaijan,Baku,Asia,1980,6383060,86600,0.176532173,0
176,Bahamas,Nassau,North America,1980,223752,13943,0.249110976,1335300000
154,Bahrain,Manama,Asia,1980,362595,765,0.629237717,3072698328
8,Bangladesh,Dhaka,Asia,1980,83929765,147570,0.242633309,18138049096
186,Barbados,Bridgetown,North America,1980,253575,430,0.050448017,1012280615
96,Belarus,Minsk,Europe,1980,9817257,207600,0.070492431,0
81,Belgium,Brussels,Europe,1980,9828986,30528,0.020729277,1.26829E+11
177,Belize,Belmopan,North America,1980,145133,22966,0.200388735,197938222.4
77,Benin,Porto-Novo,Africa,1980,3833939,112622,0.268070541,1405251547
206,Bermuda,Hamilton,North America,1980,53565,54,0.02971991,613299968
165,Bhutan,Thimphu,Asia,1980,415257,38394,0.38931193,128717410.9
80,Bolivia,Sucre,South America,1980,5736088,1098581,0.250866118,4526916803
137,Bosnia and Herzegovina,Sarajevo,Europe,1980,4199820,51209,0.100708389,0
144,Botswana,Gaborone,Africa,1980,938578,582000,0.584782623,1060923829
7,Brazil,Brasilia,South America,1980,122288383,8515767,0.268948237,2.37393E+11
221,British Virgin Islands,Road Town,North America,1980,11109,151,0.159482309,0
175,Brunei,Bandar Seri Begawan,Asia,1980,187921,5765,0.409305325,4928824958
108,Bulgaria,Sofia,Europe,1980,8980606,110879,0.046330924,19839230769
58,Burkina Faso,Ouagadougou,Africa,1980,6932967,272967,0.235456102,1928719477
78,Burundi,Bujumbura,Africa,1980,4312834,27834,0.233001337,919726666.7
73,Cambodia,Phnom Penh,Asia,1980,6198959,181035,-0.075957979,0
53,Cameroon,Yaounde,Africa,1980,8519891,475442,0.320342822,6674567625
39,Canada,Ottawa,North America,1980,24511510,9984670,0.143549975,2.73854E+11
171,Cape Verde,Praia,Africa,1980,317234,4033,0.104336808,142246875.5
205,Cayman Islands,George Town,North America,1980,17100,264,0.623469097,0
117,Central African Rep.,Bangui,Africa,1980,2415276,622984,0.168292253,797048028.8
69,Chad,N'Djamena,Africa,1980,4408230,1284000,0.202006111,1033002402
65,Chile,Santiago,South America,1980,11469828,756102,0.167949717,29036709872
1,China,Beijing,Asia,1980,982372466,9706961,0.194323795,1.91149E+11
28,Colombia,Bogota,South America,1980,26176195,1141748,0.25213475,33400735644
163,Comoros,Moroni,Africa,1980,328328,1862,0.354762308,212218226.4
223,Cook Islands,Avarua,Oceania,1980,17651,236,-0.137713727,#N/A
124,Costa Rica,San José,North America,1980,2414303,51100,0.301022204,4831447001
130,Croatia,Zagreb,Europe,1980,4680144,56594,0.041736281,0
85,Cuba,Havana,North America,1980,9809107,109884,0.105919905,19912889861
189,Curacao,Willemstad,North America,1980,156851,444,0.042996309,0
158,Cyprus,Nicosia,Europe,1980,679327,9251,0.060116666,2154311277
88,Czechia,Prague,Europe,1980,10270060,78865,0.04842062,0
115,Denmark,Copenhagen,Europe,1980,5125392,43094,0.041119342,71127528700
160,Djibouti,Djibouti,Africa,1980,324121,23200,1.244931742,0
204,Dominica,Roseau,North America,1980,72978,751,0.059264098,72804653.33
84,Dominican Republic,Santo Domingo,North America,1980,5755800,48671,0.285961995,6761300000
15,Dem. Rep. Congo,Kinshasa,Africa,1980,26708686,2344858,0.325379113,14394927495
67,Ecuador,Quito,South America,1980,8135845,276841,0.318140246,17881514683
14,Egypt,Cairo,Africa,1980,43748556,1002450,0.257793503,21669908177
112,El Salvador,San Salvador,North America,1980,4508992,21041,0.245891094,3573959900
152,Eq. Guinea,Malabo,Africa,1980,282509,28051,-0.108677888,50642880.77
132,Eritrea,Asmara,Africa,1980,1657982,117600,0.302678928,0
156,Estonia,Tallinn,Europe,1980,1476983,45227,0.084422969,0
159,eSwatini,Mbabane,Africa,1980,598564,17364,0.35157215,542000513.6
12,Ethiopia,Addis Ababa,Africa,1980,34945469,1104300,0.234462531,0
231,Falkland Islands,Stanley,South America,1980,2240,12173,-0.014951627,#N/A
209,Faroe Islands,Tórshavn,Europe,1980,43054,1393,0.120730945,0
162,Fiji,Suva,Oceania,1980,644582,18272,0.221646065,1202567359
118,Finland,Helsinki,Europe,1980,4779418,338424,0.037510574,53645202423
23,France,Paris,Europe,1980,53713830,551695,0.063143657,7.01288E+11
184,French Guiana,Cayenne,South America,1980,66825,83534,0.437591429,#N/A
183,French Polynesia,Papeete,Oceania,1980,163591,4167,0.387646216,1362151524
146,Gabon,Libreville,Africa,1980,749078,267668,0.254333615,4279637934
142,Gambia,Banjul,Africa,1980,718586,10689,0.359076733,241080708.9
131,Georgia,Tbilisi,Asia,1980,5145843,69700,0.071955489,0
19,Germany,Berlin,Europe,1980,77786703,357114,-0.006486783,9.50291E+11
47,Ghana,Accra,Africa,1980,11865246,238533,0.338906182,4445228216
219,Gibraltar,Gibraltar,Europe,1980,28734,6,0.076784711,0
90,Greece,Athens,Europe,1980,9307148,131990,0.089208465,56829664269
208,Greenland,Nuuk,North America,1980,50106,2166086,0.102830479,476055288.4
193,Grenada,Saint George's,North America,1980,94838,344,-0.040042918,110900457
178,Guadeloupe,Basse-Terre,North America,1980,334234,1628,0.050026704,#N/A
191,Guam,Hagåtña,Oceania,1980,110286,549,0.248992072,0
68,Guatemala,Guatemala City,North America,1980,6987767,108889,0.281404817,7878700000
207,Guernsey,Saint Peter Port,Europe,1980,52860,78,0.003874202,#N/A
75,Guinea,Conakry,Africa,1980,4972609,245857,0.17768085,0
149,Guinea-Bissau,Bissau,Africa,1980,831462,36125,0.405296596,110653830.7
164,Guyana,Georgetown,South America,1980,778176,214969,0.103387257,603200000
82,Haiti,Port-au-Prince,North America,1980,5646676,27750,0.206345395,1383800000
89,Honduras,Tegucigalpa,North America,1980,3777990,112492,0.35764475,3968160046
104,Hong Kong,Hong Kong,Asia,1980,4978544,1104,0.258774556,28861759209
94,Hungary,Budapest,Europe,1980,10698679,93028,0.037159418,0
179,Iceland,Reykjavík,Europe,1980,228263,103000,0.116375179,3381419043
2,India,New Delhi,Asia,1980,696828385,3287590,0.249913469,1.86325E+11
4,Indonesia,Jakarta,Asia,1980,148177096,1904569,0.28594256,72482337370
17,Iran,Tehran,Asia,1980,38520664,1648195,0.353991685,94362275580
35,Iraq,Baghdad,Asia,1980,13653369,438317,0.391589656,52569000000
125,Ireland,Dublin,Europe,1980,3391387,70273,0.154460881,21747855640
202,Isle of Man,Douglas,Europe,1980,64022,572,0.157763391,0
98,Israel,Jerusalem,Asia,1980,3744608,20770,0.287998825,0
25,Italy,Rome,Europe,1980,56329482,301336,0.056361938,4.77257E+11
52,Côte d'Ivoire,Yamoussoukro,Africa,1980,8303809,322463,0.516099802,10175615442
139,Jamaica,Kingston,North America,1980,2135546,10991,0.148704394,2679409453
11,Japan,Tokyo,Asia,1980,117624196,377930,0.115800826,1.10539E+12
195,Jersey,Saint Helier,Europe,1980,75124,116,0.099155779,#N/A
83,Jordan,Amman,Asia,1980,2216903,89342,0.423487871,3910036925
66,Kazakhstan,Nursultan,Asia,1980,14172710,2724900,0.155512236,0
27,Kenya,Nairobi,Africa,1980,16187124,580367,0.410877822,7265315332
192,Kiribati,Tarawa,Oceania,1980,60813,811,0.058777443,38715554.54
129,Kuwait,Kuwait City,Asia,1980,1493870,17818,0.860857065,28638550499
110,Kyrgyzstan,Bishkek,Asia,1980,3691209,199951,0.223719858,0
103,Laos,Vientiane,Asia,1980,3297519,236800,0.232586982,0
151,Latvia,Riga,Europe,1980,2572037,64559,0.072838066,0
119,Lebanon,Beirut,Asia,1980,2963702,10452,0.244316567,0
147,Lesotho,Maseru,Africa,1980,1407672,30355,0.375376778,431561376.5
121,Liberia,Monrovia,Africa,1980,1932169,111369,0.320181639,0
107,Libya,Tripoli,Africa,1980,2962720,1759540,0.551830972,0
216,Liechtenstein,Vaduz,Europe,1980,25003,160,0.185594386,534701915.6
141,Lithuania,Vilnius,Europe,1980,3521206,65300,0.096898678,0
168,Luxembourg,Luxembourg,Europe,1980,363741,2586,0.071900914,6019805490
167,Macau,Concelho de Macau,Asia,1980,245332,30,-0.007893758,0
50,Madagascar,Antananarivo,Africa,1980,8948162,587041,0.347665296,5201818349
62,Malawi,Lilongwe,Africa,1980,6267369,118484,0.3550655,1237655461
45,Malaysia,Kuala Lumpur,Asia,1980,13215707,330803,0.282268155,24488033442
174,Maldives,Malé,Asia,1980,164887,300,0.337901544,42463576.16
59,Mali,Bamako,Africa,1980,7372581,1240192,0.198094867,1759687480
173,Malta,Valletta,Europe,1980,333587,316,0.057616339,1250242108
215,Marshall Islands,Majuro,Oceania,1980,31988,181,0.334557136,0
180,Martinique,Fort-de-France,North America,1980,333786,1128,0.022540958,#N/A
126,Mauritania,Nouakchott,Africa,1980,1506694,1030700,0.342627593,1047924649
157,Mauritius,Port Louis,Africa,1980,954865,2040,0.150280383,1131788192
182,Mayotte,Mamoudzou,Africa,1980,52233,374,0.476217393,#N/A
10,Mexico,Mexico City,North America,1980,67705186,1964375,0.346313787,2.05139E+11
194,Micronesia,Palikir,Oceania,1980,76299,702,0.293444541,0
135,Moldova,Chisinau,Europe,1980,4103240,33846,0.105654866,0
217,Monaco,Monaco,Europe,1980,27076,2,0.115615987,1378130996
134,Mongolia,Ulaanbaatar,Asia,1980,1697780,1564110,0.31216187,0
169,Montenegro,Podgorica,Europe,1980,589324,13812,0.1113701,0
230,Montserrat,Brades,North America,1980,11452,102,0.004385196,#N/A
40,Morocco,Rabat,Africa,1980,19678444,446550,0.288332578,21728770055
48,Mozambique,Maputo,Africa,1980,11413587,801590,0.356874302,0
26,Myanmar,Nay Pyi Taw,Asia,1980,33465781,676578,0.226566619,1010596805
145,Namibia,Windhoek,Africa,1980,975994,825615,0.293620529,2422096075
225,Nauru,Yaren,Oceania,1980,7635,21,0.145880234,0
49,Nepal,Kathmandu,Asia,1980,15600442,147181,0.247907075,1945916583
71,Netherlands,Amsterdam,Europe,1980,14130387,41850,0.083810962,1.95152E+11
185,New Caledonia,Nouméa,Oceania,1980,148599,18575,0.338946856,1182463959
123,New Zealand,Wellington,Oceania,1980,3147168,270467,0.114412189,23244547385
106,Nicaragua,Managua,North America,1980,3303309,130373,0.351175388,2189347368
54,Niger,Niamey,Africa,1980,6173177,1267000,0.321962101,2508524186
6,Nigeria,Abuja,Africa,1980,72951439,923768,0.312801965,64201788123
232,Niue,Alofi,Oceania,1980,3637,260,-0.29855352,#N/A
56,North Korea,Pyongyang,Asia,1980,17973650,120538,0.1984927,0
150,North Macedonia,Skopje,Europe,1980,1907023,25713,0.151039696,0
210,Northern Mariana Islands,Saipan,Oceania,1980,17613,464,0.7364685,#N/A
120,Norway,Oslo,Europe,1980,4085776,323802,0.05424526,64439382896
127,Oman,Muscat,Asia,1980,1017462,309500,0.517030892,5981760278
5,Pakistan,Islamabad,Asia,1980,80624057,881912,0.359805553,23654444444
222,Palau,Ngerulmud,Oceania,1980,12252,459,0.077951786,0
122,Palestine,Ramallah,Asia,1980,1453620,6220,0.299916565,0
128,Panama,Panama City,North America,1980,1956987,75417,0.290728458,4614086400
93,Papua New Guinea,Port Moresby,Oceania,1980,3104788,462840,0.247374208,2545983008
109,Paraguay,Asunción,South America,1980,3078912,406752,0.27820019,4448087302
44,Peru,Lima,South America,1980,17492406,1285216,0.289774922,18134029180
13,Philippines,Manila,Asia,1980,48419546,342353,0.293409592,36848242784
37,Poland,Warsaw,Europe,1980,35521429,312679,0.09354097,0
92,Portugal,Lisbon,Europe,1980,9785252,92090,0.126861793,32896519824
136,Puerto Rico,San Juan,North America,1980,3214568,8870,0.174220372,14436100000
143,Qatar,Doha,Asia,1980,277450,11586,1.351131713,7829094613
114,Congo,Brazzaville,Africa,1980,1829256,342000,0.309427633,1705796850
161,Reunion,Saint-Denis,Africa,1980,551674,2511,0.164053384,#N/A
64,Romania,Bucharest,Europe,1980,22125224,238391,0.11055806,0
9,Russia,Moscow,Europe,1980,138257420,17098242,0.062758253,0
76,Rwanda,Kigali,Africa,1980,5247532,26338,0.346775599,1254765350
228,Saint Barthelemy,Gustavia,North America,1980,2983,21,0.234174597,#N/A
211,Saint Kitts and Nevis,Basseterre,North America,1980,43097,261,-0.041607365,68459259.26
190,Saint Lucia,Castries,North America,1980,121633,616,0.179871957,170370370.4
220,Saint Martin,Marigot,North America,1980,7776,53,0.340227508,0
229,Saint Pierre and Miquelon,Saint-Pierre,North America,1980,6106,242,0.102763229,#N/A
199,Saint Vincent and the Grenadines,Kingstown,North America,1980,107480,389,0.091621893,82340339.63
188,Samoa,Apia,Oceania,1980,164905,2842,0.155031484,0
218,San Marino,San Marino,Europe,1980,21346,61,0.174858275,0
187,Sao Tome and Principe,São Tomé,Africa,1980,97210,964,0.252980679,0
41,Saudi Arabia,Riyadh,Asia,1980,10171710,2149690,0.665802789,1.64542E+11
72,Senegal,Dakar,Africa,1980,5703869,196722,0.305907352,4510107330
105,Serbia,Belgrade,Europe,1980,7777010,88361,0.081111326,0
196,Seychelles,Victoria,Africa,1980,65290,452,0.200647309,147357222.8
102,Sierra Leone,Freetown,Africa,1980,3367477,71740,0.211951743,1100685845
113,Singapore,Singapore,Asia,1980,2400729,710,0.164367497,11896256783
214,Sint Maarten,Philipsburg,North America,1980,12243,34,0.955750799,0
116,Slovakia,Bratislava,Europe,1980,4973883,49037,0.09971905,0
148,Slovenia,Ljubljana,Europe,1980,1901570,20273,0.09204921,0
166,Solomon Islands,Honiara,Oceania,1980,233668,28896,0.351987178,183170656.7
70,Somaliland,Mogadishu,Africa,1980,5892224,637657,0.583515297,603592656.8
24,South Africa,Pretoria,Africa,1980,29463549,1221037,0.31720073,82980483388
29,South Korea,Seoul,Asia,1980,38170501,100210,0.170833213,65398646758
86,S. Sudan,Juba,Africa,1980,4192011,619745,0.254188146,0
30,Spain,Madrid,Europe,1980,37491666,505992,0.10946323,2.32767E+11
61,Sri Lanka,Colombo,Asia,1980,14943645,65610,0.206225171,4024621900
32,Sudan,Khartoum,Africa,1980,16673586,1886068,0.474859105,7459833333
170,Suriname,Paramaribo,South America,1980,375112,163820,-0.012650098,795000000
87,Sweden,Stockholm,Europe,1980,8311763,450295,0.035385095,1.42092E+11
101,Switzerland,Bern,Europe,1980,6319113,41284,0.022307222,1.22661E+11
60,Syria,Damascus,Asia,1980,8898954,185180,0.408240823,13062420382
57,Taiwan,Taipei,Asia,1980,18100281,36193,0.210084123,#N/A
95,Tajikistan,Dushanbe,Asia,1980,4045965,143100,0.35180064,0
22,Tanzania,Dodoma,Africa,1980,19297659,945087,0.417050002,0
20,Thailand,Bangkok,Asia,1980,45737753,513120,0.277886136,32353440727
155,Timor-Leste,Dili,Asia,1980,642224,14874,0.159205156,0
100,Togo,Lomé,Africa,1980,2838110,56785,0.291586401,1136408814
233,Tokelau,Nukunonu,Oceania,1980,1647,12,-0.039089848,#N/A
197,Tonga,Nuku‘alofa,Oceania,1980,96708,747,0.118218399,53260077.43
153,Trinidad and Tobago,Port-of-Spain,North America,1980,1127852,5130,0.140523213,6235833333
79,Tunisia,Tunis,Africa,1980,6578156,163610,0.303275109,8744134354
18,Turkey,Ankara,Asia,1980,44089069,783562,0.24051325,68789289566
111,Turkmenistan,Ashgabat,Asia,1980,2862903,488100,0.300473056,0
212,Turks and Caicos Islands,Cockburn Town,North America,1980,7598,948,0.341218005,0
227,Tuvalu,Funafuti,Oceania,1980,7731,26,0.329721362,0
31,Uganda,Kampala,Africa,1980,13284026,241550,0.287559662,1244610000
38,Ukraine,Kiev,Europe,1980,49973920,603500,0.056998437,0
97,United Arab Emirates,Abu Dhabi,Asia,1980,1014048,83600,2.401886716,43598748449
21,United Kingdom,London,Europe,1980,56326328,242900,0.012150224,5.64948E+11
3,United States of America,"Washington, D.C.",North America,1980,223140018,9372610,0.113871447,2.85731E+12
200,United States Virgin Islands,Charlotte Amalie,North America,1980,96640,347,0.523185071,0
133,Uruguay,Montevideo,South America,1980,2953750,181034,0.058591209,10163020116
43,Uzbekistan,Tashkent,Asia,1980,15947129,447400,0.327670445,0
181,Vanuatu,Port-Vila,Oceania,1980,118156,12189,0.357818407,121185497.6
234,Vatican City,Vatican City,Europe,1980,733,1,-0.025265957,#N/A
51,Venezuela,Caracas,South America,1980,15210443,916445,0.339480999,59116511628
16,Vietnam,Hanoi,Asia,1980,52968270,331212,0.263289388,0
226,Wallis and Futuna,Mata-Utu,Oceania,1980,11315,142,0.206675909,#N/A
172,W. Sahara,El Aaiún,Africa,1980,116775,266000,0.529048985,#N/A
46,Yemen,Sanaa,Asia,1980,9204938,527968,0.345041876,0
63,Zambia,Lusaka,Africa,1980,5720438,752612,0.336029321,3829500000
74,Zimbabwe,Harare,Africa,1980,7049926,390757,0.35499464,6678868200
36,Afghanistan,Kabul,Asia,1970,10752971,652230,,1748886596
138,Albania,Tirana,Europe,1970,2324731,28748,,0
34,Algeria,Algiers,Africa,1970,13795915,2381741,,4863487493
213,American Samoa,Pago Pago,Oceania,1970,27075,199,,0
203,Andorra,Andorra la Vella,Europe,1970,19860,468,,78619206.09
42,Angola,Luanda,Africa,1970,6029700,1246700,,0
224,Anguilla,The Valley,North America,1970,6283,91,,0
201,Antigua and Barbuda,Saint John’s,North America,1970,64516,442,,0
33,Argentina,Buenos Aires,South America,1970,23842803,2780400,,31584210366
140,Armenia,Yerevan,Asia,1970,2534377,29743,,0
198,Aruba,Oranjestad,North America,1970,59106,180,,0
55,Australia,Canberra,Oceania,1970,12595034,7692024,,41337215814
99,Austria,Vienna,Europe,1970,7465301,83871,,15373005557
91,Azerbaijan,Baku,Asia,1970,5425317,86600,,0
176,Bahamas,Nassau,North America,1970,179129,13943,,538423153.7
154,Bahrain,Manama,Asia,1970,222555,765,,0
8,Bangladesh,Dhaka,Asia,1970,67541860,147570,,8992721809
186,Barbados,Bridgetown,North America,1970,241397,430,,0
96,Belarus,Minsk,Europe,1970,9170786,207600,,0
81,Belgium,Brussels,Europe,1970,9629376,30528,,26706196047
177,Belize,Belmopan,North America,1970,120905,22966,,53233532.93
77,Benin,Porto-Novo,Africa,1970,3023443,112622,,333627758.2
206,Bermuda,Hamilton,North America,1970,52019,54,,186300000
165,Bhutan,Thimphu,Asia,1970,298894,38394,,0
80,Bolivia,Sucre,South America,1970,4585693,1098581,,1017003367
137,Bosnia and Herzegovina,Sarajevo,Europe,1970,3815561,51209,,0
144,Botswana,Gaborone,Africa,1970,592244,582000,,96245114.46
7,Brazil,Brasilia,South America,1970,96369875,8515767,,42327664794
221,British Virgin Islands,Road Town,North America,1970,9581,151,,0
175,Brunei,Bandar Seri Begawan,Asia,1970,133343,5765,,179080099.3
108,Bulgaria,Sofia,Europe,1970,8582950,110879,,0
58,Burkina Faso,Ouagadougou,Africa,1970,5611666,272967,,458404330.1
78,Burundi,Bujumbura,Africa,1970,3497834,27834,,242732571.4
73,Cambodia,Phnom Penh,Asia,1970,6708525,181035,,718401157.7
53,Cameroon,Yaounde,Africa,1970,6452787,475442,,1151217147
39,Canada,Ottawa,North America,1970,21434577,9984670,,87896095320
171,Cape Verde,Praia,Africa,1970,287262,4033,,0
205,Cayman Islands,George Town,North America,1970,10533,264,,0
117,Central African Rep.,Bangui,Africa,1970,2067356,622984,,189106554.5
69,Chad,N'Djamena,Africa,1970,3667394,1284000,,469266736.6
65,Chile,Santiago,South America,1970,9820481,756102,,9126309735
1,China,Beijing,Asia,1970,822534450,9706961,,92602973434
28,Colombia,Bogota,South America,1970,20905254,1141748,,7198360460
163,Comoros,Moroni,Africa,1970,242351,1862,,0
223,Cook Islands,Avarua,Oceania,1970,20470,236,,0
124,Costa Rica,San José,North America,1970,1855697,51100,,984830158.5
130,Croatia,Zagreb,Europe,1970,4492638,56594,,0
85,Cuba,Havana,North America,1970,8869636,109884,,5693005200
189,Curacao,Willemstad,North America,1970,150385,444,,0
158,Cyprus,Nicosia,Europe,1970,640804,9251,,0
88,Czechia,Prague,Europe,1970,9795744,78865,,0
115,Denmark,Copenhagen,Europe,1970,4922963,43094,,17075457600
160,Djibouti,Djibouti,Africa,1970,144379,23200,,0
204,Dominica,Roseau,North America,1970,68895,751,,0
84,Dominican Republic,Santo Domingo,North America,1970,4475871,48671,,1485500000
15,Dem. Rep. Congo,Kinshasa,Africa,1970,20151733,2344858,,4877684910
67,Ecuador,Quito,South America,1970,6172215,276841,,2862504170
14,Egypt,Cairo,Africa,1970,34781986,1002450,,8042200452
112,El Salvador,San Salvador,North America,1970,3619090,21041,,1132920000
152,Eq. Guinea,Malabo,Africa,1970,316955,28051,,66331428.57
132,Eritrea,Asmara,Africa,1970,1272748,117600,,0
156,Estonia,Tallinn,Europe,1970,1361999,45227,,0
159,eSwatini,Mbabane,Africa,1970,442865,17364,,112137757.2
12,Ethiopia,Addis Ababa,Africa,1970,28308246,1104300,,0
231,Falkland Islands,Stanley,South America,1970,2274,12173,,#N/A
209,Faroe Islands,Tórshavn,Europe,1970,38416,1393,,0
162,Fiji,Suva,Oceania,1970,527634,18272,,219878482.2
118,Finland,Helsinki,Europe,1970,4606621,338424,,11357516988
23,France,Paris,Europe,1970,50523586,551695,,1.48456E+11
184,French Guiana,Cayenne,South America,1970,46484,83534,,#N/A
183,French Polynesia,Papeete,Oceania,1970,117891,4167,,254035999.2
146,Gabon,Libreville,Africa,1970,597192,267668,,323802475.5
142,Gambia,Banjul,Africa,1970,528731,10689,,52296836.75
131,Georgia,Tbilisi,Asia,1970,4800426,69700,,0
19,Germany,Berlin,Europe,1970,78294583,357114,,2.15838E+11
47,Ghana,Accra,Africa,1970,8861895,238533,,2215029450
219,Gibraltar,Gibraltar,Europe,1970,26685,6,,0
90,Greece,Athens,Europe,1970,8544873,131990,,13139863636
208,Greenland,Nuuk,North America,1970,45434,2166086,,69520026.67
193,Grenada,Saint George's,North America,1970,98794,344,,0
178,Guadeloupe,Basse-Terre,North America,1970,318310,1628,,#N/A
191,Guam,Hagåtña,Oceania,1970,88300,549,,0
68,Guatemala,Guatemala City,North America,1970,5453208,108889,,1904000000
207,Guernsey,Saint Peter Port,Europe,1970,52656,78,,#N/A
75,Guinea,Conakry,Africa,1970,4222374,245857,,0
149,Guinea-Bissau,Bissau,Africa,1970,591663,36125,,78733594.84
164,Guyana,Georgetown,South America,1970,705261,214969,,267800000
82,Haiti,Port-au-Prince,North America,1970,4680812,27750,,331200000
89,Honduras,Tegucigalpa,North America,1970,2782753,112492,,723000000
104,Hong Kong,Hong Kong,Asia,1970,3955072,1104,,3800766536
94,Hungary,Budapest,Europe,1970,10315366,93028,,0
179,Iceland,Reykjavík,Europe,1970,204468,103000,,526704545.5
2,India,New Delhi,Asia,1970,557501301,3287590,,62422483055
4,Indonesia,Jakarta,Asia,1970,115228394,1904569,,9150684932
17,Iran,Tehran,Asia,1970,28449705,1648195,,10976245154
35,Iraq,Baghdad,Asia,1970,9811347,438317,,3281713806
125,Ireland,Dublin,Europe,1970,2937637,70273,,4395995086
202,Isle of Man,Douglas,Europe,1970,55298,572,,0
98,Israel,Jerusalem,Asia,1970,2907307,20770,,0
25,Italy,Rome,Europe,1970,53324036,301336,,1.13395E+11
52,Côte d'Ivoire,Yamoussoukro,Africa,1970,5477086,322463,,1455482990
139,Jamaica,Kingston,North America,1970,1859091,10991,,1404776071
11,Japan,Tokyo,Asia,1970,105416839,377930,,2.12609E+11
195,Jersey,Saint Helier,Europe,1970,68347,116,,#N/A
83,Jordan,Amman,Asia,1970,1557374,89342,,639596751.6
66,Kazakhstan,Nursultan,Asia,1970,12265305,2724900,,0
27,Kenya,Nairobi,Africa,1970,11473087,580367,,1603447357
192,Kiribati,Tarawa,Oceania,1970,57437,811,,14295279.54
129,Kuwait,Kuwait City,Asia,1970,802786,17818,,2873984878
110,Kyrgyzstan,Bishkek,Asia,1970,3016384,199951,,0
103,Laos,Vientiane,Asia,1970,2675283,236800,,0
151,Latvia,Riga,Europe,1970,2397414,64559,,0
119,Lebanon,Beirut,Asia,1970,2381791,10452,,0
147,Lesotho,Maseru,Africa,1970,1023481,30355,,68738625.23
121,Liberia,Monrovia,Africa,1970,1463563,111369,,0
107,Libya,Tripoli,Africa,1970,1909177,1759540,,0
216,Liechtenstein,Vaduz,Europe,1970,21089,160,,90098330.67
141,Lithuania,Vilnius,Europe,1970,3210147,65300,,0
168,Luxembourg,Luxembourg,Europe,1970,339342,2586,,1457768455
167,Macau,Concelho de Macau,Asia,1970,247284,30,,0
50,Madagascar,Antananarivo,Africa,1970,6639751,587041,,1111859570
62,Malawi,Lilongwe,Africa,1970,4625141,118484,,290531621.3
45,Malaysia,Kuala Lumpur,Asia,1970,10306508,330803,,3864170913
174,Maldives,Malé,Asia,1970,123243,300,,0
59,Mali,Bamako,Africa,1970,6153587,1240192,,359772363.3
173,Malta,Valletta,Europe,1970,315414,316,,250721821.6
215,Marshall Islands,Majuro,Oceania,1970,23969,181,,0
180,Martinique,Fort-de-France,North America,1970,326428,1128,,#N/A
126,Mauritania,Nouakchott,Africa,1970,1122198,1030700,,309405316.1
157,Mauritius,Port Louis,Africa,1970,830115,2040,,0
182,Mayotte,Mamoudzou,Africa,1970,35383,374,,#N/A
10,Mexico,Mexico City,North America,1970,50289306,1964375,,35520000000
194,Micronesia,Palikir,Oceania,1970,58989,702,,0
135,Moldova,Chisinau,Europe,1970,3711140,33846,,0
217,Monaco,Monaco,Europe,1970,24270,2,,293073868
134,Mongolia,Ulaanbaatar,Asia,1970,1293880,1564110,,0
169,Montenegro,Podgorica,Europe,1970,530268,13812,,0
230,Montserrat,Brades,North America,1970,11402,102,,#N/A
40,Morocco,Rabat,Africa,1970,15274351,446550,,3956328426
48,Mozambique,Maputo,Africa,1970,8411676,801590,,0
26,Myanmar,Nay Pyi Taw,Asia,1970,27284112,676578,,578992638.8
145,Namibia,Windhoek,Africa,1970,754467,825615,,0
225,Nauru,Yaren,Oceania,1970,6663,21,,0
49,Nepal,Kathmandu,Asia,1970,12501285,147181,,865975308.6
71,Netherlands,Amsterdam,Europe,1970,13037686,41850,,38164716625
185,New Caledonia,Nouméa,Oceania,1970,110982,18575,,358815683.7
123,New Zealand,Wellington,Oceania,1970,2824061,270467,,0
106,Nicaragua,Managua,North America,1970,2444767,130373,,776585681.1
54,Niger,Niamey,Africa,1970,4669708,1267000,,649916708.2
6,Nigeria,Abuja,Africa,1970,55569264,923768,,12545849083
232,Niue,Alofi,Oceania,1970,5185,260,,#N/A
56,North Korea,Pyongyang,Asia,1970,14996879,120538,,0
150,North Macedonia,Skopje,Europe,1970,1656783,25713,,0
210,Northern Mariana Islands,Saipan,Oceania,1970,10143,464,,#N/A
120,Norway,Oslo,Europe,1970,3875546,323802,,12814123115
127,Oman,Muscat,Asia,1970,670693,309500,,256299496
5,Pakistan,Islamabad,Asia,1970,59290872,881912,,10027509450
222,Palau,Ngerulmud,Oceania,1970,11366,459,,0
122,Palestine,Ramallah,Asia,1970,1118241,6220,,0
128,Panama,Panama City,North America,1970,1516188,75417,,1351006400
93,Papua New Guinea,Port Moresby,Oceania,1970,2489059,462840,,645537126.2
109,Paraguay,Asunción,South America,1970,2408787,406752,,594611111.1
44,Peru,Lima,South America,1970,13562371,1285216,,7432223177
13,Philippines,Manila,Asia,1970,37435586,342353,,7559179530
37,Poland,Warsaw,Europe,1970,32482943,312679,,0
92,Portugal,Lisbon,Europe,1970,8683631,92090,,8108235704
136,Puerto Rico,San Juan,North America,1970,2737619,8870,,5034700000
143,Qatar,Doha,Asia,1970,118007,11586,,301791301.8
114,Congo,Brazzaville,Africa,1970,1396989,342000,,274960699.9
161,Reunion,Saint-Denis,Africa,1970,473925,2511,,#N/A
64,Romania,Bucharest,Europe,1970,19922618,238391,,0
9,Russia,Moscow,Europe,1970,130093010,17098242,,0
76,Rwanda,Kigali,Africa,1970,3896367,26338,,219900006
228,Saint Barthelemy,Gustavia,North America,1970,2417,21,,#N/A
211,Saint Kitts and Nevis,Basseterre,North America,1970,44968,261,,16300000
190,Saint Lucia,Castries,North America,1970,103090,616,,0
220,Saint Martin,Marigot,North America,1970,5802,53,,0
229,Saint Pierre and Miquelon,Saint-Pierre,North America,1970,5537,242,,#N/A
199,Saint Vincent and the Grenadines,Kingstown,North America,1970,98459,389,,18450000
188,Samoa,Apia,Oceania,1970,142771,2842,,0
218,San Marino,San Marino,Europe,1970,18169,61,,0
187,Sao Tome and Principe,São Tomé,Africa,1970,77583,964,,0
41,Saudi Arabia,Riyadh,Asia,1970,6106191,2149690,,5377268849
72,Senegal,Dakar,Africa,1970,4367744,196722,,1297407829
105,Serbia,Belgrade,Europe,1970,7193533,88361,,0
196,Seychelles,Victoria,Africa,1970,54379,452,,18432031.36
102,Sierra Leone,Freetown,Africa,1970,2778557,71740,,434410373.8
113,Singapore,Singapore,Asia,1970,2061831,710,,1920586698
214,Sint Maarten,Philipsburg,North America,1970,6260,34,,0
116,Slovakia,Bratislava,Europe,1970,4522867,49037,,0
148,Slovenia,Ljubljana,Europe,1970,1741286,20273,,0
166,Solomon Islands,Honiara,Oceania,1970,172833,28896,,0
70,Somaliland,Mogadishu,Africa,1970,3720977,637657,,322600009.1
24,South Africa,Pretoria,Africa,1970,22368306,1221037,,18418392640
29,South Korea,Seoul,Asia,1970,32601143,100210,,9005023184
86,S. Sudan,Juba,Africa,1970,3342410,619745,,0
30,Spain,Madrid,Europe,1970,33792617,505992,,40992995008
61,Sri Lanka,Colombo,Asia,1970,12388769,65610,,2296470588
32,Sudan,Khartoum,Africa,1970,11305206,1886068,,2437666667
170,Suriname,Paramaribo,South America,1970,379918,163820,,274900000
87,Sweden,Stockholm,Europe,1970,8027702,450295,,38092452061
101,Switzerland,Bern,Europe,1970,6181227,41284,,0
60,Syria,Damascus,Asia,1970,6319199,185180,,1780104712
57,Taiwan,Taipei,Asia,1970,14957870,36193,,#N/A
95,Tajikistan,Dushanbe,Asia,1970,2993019,143100,,0
22,Tanzania,Dodoma,Africa,1970,13618192,945087,,0
20,Thailand,Bangkok,Asia,1970,35791728,513120,,7086538438
155,Timor-Leste,Dili,Asia,1970,554021,14874,,0
100,Togo,Lomé,Africa,1970,2197383,56785,,253976626.2
233,Tokelau,Nukunonu,Oceania,1970,1714,12,,#N/A
197,Tonga,Nuku‘alofa,Oceania,1970,86484,747,,0
153,Trinidad and Tobago,Port-of-Spain,North America,1970,988890,5130,,821850000
79,Tunisia,Tunis,Africa,1970,5047404,163610,,1439238095
18,Turkey,Ankara,Asia,1970,35540990,783562,,17086956522
111,Turkmenistan,Ashgabat,Asia,1970,2201432,488100,,0
212,Turks and Caicos Islands,Cockburn Town,North America,1970,5665,948,,0
227,Tuvalu,Funafuti,Oceania,1970,5814,26,,0
31,Uganda,Kampala,Africa,1970,10317212,241550,,1260084034
38,Ukraine,Kiev,Europe,1970,47279086,603500,,0
97,United Arab Emirates,Abu Dhabi,Asia,1970,298084,83600,,0
21,United Kingdom,London,Europe,1970,55650166,242900,,1.30672E+11
3,United States of America,"Washington, D.C.",North America,1970,200328340,9372610,,1.0733E+12
200,United States Virgin Islands,Charlotte Amalie,North America,1970,63446,347,,0
133,Uruguay,Montevideo,South America,1970,2790265,181034,,2137096774
43,Uzbekistan,Tashkent,Asia,1970,12011361,447400,,0
181,Vanuatu,Port-Vila,Oceania,1970,87019,12189,,0
234,Vatican City,Vatican City,Europe,1970,752,1,,#N/A
51,Venezuela,Caracas,South America,1970,11355475,916445,,11561111111
16,Vietnam,Hanoi,Asia,1970,41928849,331212,,0
226,Wallis and Futuna,Mata-Utu,Oceania,1970,9377,142,,#N/A
172,W. Sahara,El Aaiún,Africa,1970,76371,266000,,#N/A
46,Yemen,Sanaa,Asia,1970,6843607,527968,,0
63,Zambia,Lusaka,Africa,1970,4281671,752612,,1825285714
74,Zimbabwe,Harare,Africa,1970,5202918,390757,,1884206300